<Anims>
 <anim name="idle" root="cultistsummonsigil" numframes="1200" framerate="40">
  <frame idx="0" w="482" h="307" x="-145.750000" y="-161.738846">
   <element name="image" layername="Aur" frame="19" z_index="3" m_a="0.001000" m_b="0.000000" m_c="0.000000" m_d="0.001000" m_tx="0.000000" m_ty="0.000000"/>
   <element name="image" layername="Sigi" frame="15" z_index="2" m_a="0.000100" m_b="0.000000" m_c="0.000000" m_d="0.000100" m_tx="0.000000" m_ty="8.000000"/>
   <element name="image" layername="Summon_" frame="16" z_index="1" m_a="1.000000" m_b="0.000000" m_c="0.000000" m_d="1.000000" m_tx="-1.000000" m_ty="-219.000000"/>
  </frame>
  <frame idx="25" w="482" h="297" x="-145.750000" y="-146.061371">
   <element name="image" layername="Aur" frame="19" z_index="3" m_a="0.001000" m_b="0.000000" m_c="0.000000" m_d="0.001000" m_tx="0.000000" m_ty="0.000000"/>
   <element name="image" layername="Sigi" frame="14" z_index="2" m_a="0.085416" m_b="0.000000" m_c="0.000000" m_d="0.085416" m_tx="0.000000" m_ty="8.000000"/>
   <element name="image" layername="Summon_" frame="16" z_index="1" m_a="1.000000" m_b="0.000000" m_c="0.000000" m_d="0.943187" m_tx="-1.000000" m_ty="-206.670456"/>
  </frame>
  <frame idx="50" w="482" h="288" x="-145.750000" y="-130.383926">
   <element name="image" layername="Aur" frame="19" z_index="3" m_a="0.001000" m_b="0.000000" m_c="0.000000" m_d="0.001000" m_tx="0.000000" m_ty="0.000000"/>
   <element name="image" layername="Sigi" frame="13" z_index="2" m_a="0.170731" m_b="0.000000" m_c="0.000000" m_d="0.170731" m_tx="0.000000" m_ty="8.000000"/>
   <element name="image" layername="Summon_" frame="16" z_index="1" m_a="1.000000" m_b="0.000000" m_c="0.000000" m_d="0.886375" m_tx="-1.000000" m_ty="-194.340912"/>
  </frame>
  <frame idx="75" w="482" h="278" x="-145.750000" y="-114.706444">
   <element name="image" layername="Aur" frame="19" z_index="3" m_a="0.001000" m_b="0.000000" m_c="0.000000" m_d="0.001000" m_tx="0.000000" m_ty="0.000000"/>
   <element name="image" layername="Sigi" frame="12" z_index="2" m_a="0.256047" m_b="0.000000" m_c="0.000000" m_d="0.256047" m_tx="0.000000" m_ty="8.000000"/>
   <element name="image" layername="Summon_" frame="16" z_index="1" m_a="1.000000" m_b="0.000000" m_c="0.000000" m_d="0.829562" m_tx="-1.000000" m_ty="-182.011368"/>
  </frame>
  <frame idx="100" w="482" h="268" x="-145.750000" y="-99.028908">
   <element name="image" layername="Aur" frame="19" z_index="3" m_a="0.001000" m_b="0.000000" m_c="0.000000" m_d="0.001000" m_tx="0.000000" m_ty="0.000000"/>
   <element name="image" layername="Sigi" frame="11" z_index="2" m_a="0.341363" m_b="0.000000" m_c="0.000000" m_d="0.341363" m_tx="0.000000" m_ty="8.000000"/>
   <element name="image" layername="Summon_" frame="16" z_index="1" m_a="1.000000" m_b="0.000000" m_c="0.000000" m_d="0.772750" m_tx="-1.000000" m_ty="-169.681824"/>
  </frame>
  <frame idx="125" w="482" h="258" x="-145.750000" y="-83.351440">
   <element name="image" layername="Aur" frame="19" z_index="3" m_a="0.001000" m_b="0.000000" m_c="0.000000" m_d="0.001000" m_tx="0.000000" m_ty="0.000000"/>
   <element name="image" layername="Sigi" frame="10" z_index="2" m_a="0.426679" m_b="0.000000" m_c="0.000000" m_d="0.426679" m_tx="0.000000" m_ty="8.000000"/>
   <element name="image" layername="Summon_" frame="16" z_index="1" m_a="1.000000" m_b="0.000000" m_c="0.000000" m_d="0.715937" m_tx="-1.000000" m_ty="-157.352264"/>
  </frame>
  <frame idx="150" w="486" h="248" x="-142.253677" y="-67.674011">
   <element name="image" layername="Aur" frame="19" z_index="3" m_a="0.001000" m_b="0.000000" m_c="0.000000" m_d="0.001000" m_tx="0.000000" m_ty="0.000000"/>
   <element name="image" layername="Sigi" frame="15" z_index="2" m_a="0.511994" m_b="0.000000" m_c="0.000000" m_d="0.511994" m_tx="0.000000" m_ty="8.000000"/>
   <element name="image" layername="Summon_" frame="16" z_index="1" m_a="1.000000" m_b="0.000000" m_c="0.000000" m_d="0.659125" m_tx="-1.000000" m_ty="-145.022736"/>
  </frame>
  <frame idx="175" w="513" h="248" x="-117.384048" y="-55.149902">
   <element name="image" layername="Aur" frame="19" z_index="3" m_a="0.001000" m_b="0.000000" m_c="0.000000" m_d="0.001000" m_tx="0.000000" m_ty="0.000000"/>
   <element name="image" layername="Sigi" frame="14" z_index="2" m_a="0.597310" m_b="0.000000" m_c="0.000000" m_d="0.597310" m_tx="0.000000" m_ty="8.000000"/>
   <element name="image" layername="Summon_" frame="16" z_index="1" m_a="1.000000" m_b="0.000000" m_c="0.000000" m_d="0.602313" m_tx="-1.000000" m_ty="-132.693176"/>
  </frame>
  <frame idx="200" w="541" h="259" x="-92.514557" y="-45.637215">
   <element name="image" layername="Aur" frame="19" z_index="3" m_a="0.001000" m_b="0.000000" m_c="0.000000" m_d="0.001000" m_tx="0.000000" m_ty="0.000000"/>
   <element name="image" layername="Sigi" frame="13" z_index="2" m_a="0.682626" m_b="0.000000" m_c="0.000000" m_d="0.682626" m_tx="0.000000" m_ty="8.000000"/>
   <element name="image" layername="Summon_" frame="16" z_index="1" m_a="1.000000" m_b="0.000000" m_c="0.000000" m_d="0.545500" m_tx="-1.000000" m_ty="-120.363632"/>
  </frame>
  <frame idx="225" w="568" h="269" x="-67.645004" y="-36.124504">
   <element name="image" layername="Aur" frame="19" z_index="3" m_a="0.001000" m_b="0.000000" m_c="0.000000" m_d="0.001000" m_tx="0.000000" m_ty="0.000000"/>
   <element name="image" layername="Sigi" frame="12" z_index="2" m_a="0.767942" m_b="0.000000" m_c="0.000000" m_d="0.767942" m_tx="0.000000" m_ty="8.000000"/>
   <element name="image" layername="Summon_" frame="16" z_index="1" m_a="1.000000" m_b="0.000000" m_c="0.000000" m_d="0.488688" m_tx="-1.000000" m_ty="-108.034096"/>
  </frame>
  <frame idx="250" w="596" h="280" x="-42.775604" y="-26.611855">
   <element name="image" layername="Aur" frame="19" z_index="3" m_a="0.237421" m_b="0.000000" m_c="0.000000" m_d="0.091122" m_tx="0.000000" m_ty="0.000000"/>
   <element name="image" layername="Sigi" frame="11" z_index="2" m_a="0.853257" m_b="0.000000" m_c="0.000000" m_d="0.853257" m_tx="0.000000" m_ty="8.000000"/>
   <element name="image" layername="Summon_" frame="16" z_index="1" m_a="1.000000" m_b="0.000000" m_c="0.000000" m_d="0.431875" m_tx="-1.000000" m_ty="-95.704544"/>
  </frame>
  <frame idx="275" w="623" h="290" x="-17.906128" y="-17.099167">
   <element name="image" layername="Aur" frame="19" z_index="3" m_a="0.976237" m_b="0.000000" m_c="0.000000" m_d="0.372753" m_tx="0.000000" m_ty="0.000000"/>
   <element name="image" layername="Sigi" frame="10" z_index="2" m_a="0.938572" m_b="0.000000" m_c="0.000000" m_d="0.938572" m_tx="0.000000" m_ty="8.000000"/>
   <element name="image" layername="Summon_" frame="16" z_index="1" m_a="1.000000" m_b="0.000000" m_c="0.000000" m_d="0.375063" m_tx="-1.000000" m_ty="-83.375000"/>
  </frame>
  <frame idx="300" w="669" h="297" x="24.964905" y="-10.250000">
   <element name="image" layername="Aur" frame="19" z_index="3" m_a="1.715053" m_b="0.000000" m_c="0.000000" m_d="0.654384" m_tx="0.000000" m_ty="0.000000"/>
   <element name="image" layername="Sigi" frame="15" z_index="2" m_a="1.000000" m_b="0.000000" m_c="0.000000" m_d="1.000000" m_tx="0.000000" m_ty="8.000000"/>
   <element name="image" layername="Summon_" frame="16" z_index="1" m_a="1.000000" m_b="0.000000" m_c="0.000000" m_d="0.318250" m_tx="-1.000000" m_ty="-71.045456"/>
  </frame>
  <frame idx="325" w="784" h="300" x="128.768555" y="-8.957825">
   <element name="image" layername="Aur" frame="19" z_index="3" m_a="2.453869" m_b="0.000000" m_c="0.000000" m_d="0.936015" m_tx="0.000000" m_ty="0.000000"/>
   <element name="image" layername="Sigi" frame="15" z_index="2" m_a="1.000000" m_b="0.000000" m_c="0.000000" m_d="1.000000" m_tx="0.000000" m_ty="8.000000"/>
   <element name="image" layername="Summon_" frame="16" z_index="1" m_a="1.000000" m_b="0.000000" m_c="0.000000" m_d="0.261437" m_tx="-1.000000" m_ty="-58.715912"/>
  </frame>
  <frame idx="350" w="866" h="329" x="203.097900" y="18.985764">
   <element name="image" layername="Aur" frame="19" z_index="3" m_a="2.982903" m_b="0.000000" m_c="0.000000" m_d="1.135613" m_tx="0.000000" m_ty="0.000000"/>
   <element name="image" layername="Sigi" frame="15" z_index="2" m_a="1.000000" m_b="0.000000" m_c="0.000000" m_d="1.000000" m_tx="0.000000" m_ty="8.000000"/>
   <element name="image" layername="Summon_" frame="16" z_index="1" m_a="1.000000" m_b="0.000000" m_c="0.000000" m_d="0.204625" m_tx="-1.000000" m_ty="-46.386353"/>
  </frame>
  <frame idx="375" w="864" h="328" x="201.636261" y="17.397049">
   <element name="image" layername="Aur" frame="19" z_index="3" m_a="2.972500" m_b="0.000000" m_c="0.000000" m_d="1.124265" m_tx="0.000000" m_ty="0.000000"/>
   <element name="image" layername="Sigi" frame="15" z_index="2" m_a="1.000000" m_b="0.000000" m_c="0.000000" m_d="1.000000" m_tx="0.000000" m_ty="8.000000"/>
   <element name="image" layername="Summon_" frame="16" z_index="1" m_a="1.000000" m_b="0.000000" m_c="0.000000" m_d="0.147812" m_tx="-1.000000" m_ty="-34.056808"/>
  </frame>
  <frame idx="400" w="863" h="326" x="200.174622" y="15.808334">
   <element name="image" layername="Aur" frame="19" z_index="3" m_a="2.962097" m_b="0.000000" m_c="0.000000" m_d="1.112917" m_tx="0.000000" m_ty="0.000000"/>
   <element name="image" layername="Sigi" frame="15" z_index="2" m_a="1.000000" m_b="0.000000" m_c="0.000000" m_d="1.000000" m_tx="0.000000" m_ty="8.000000"/>
   <element name="image" layername="Summon_" frame="16" z_index="1" m_a="1.000000" m_b="0.000000" m_c="0.000000" m_d="0.091000" m_tx="-1.000000" m_ty="-21.727264"/>
  </frame>
  <frame idx="425" w="861" h="325" x="198.712982" y="14.219620">
   <element name="image" layername="Aur" frame="19" z_index="3" m_a="2.951694" m_b="0.000000" m_c="0.000000" m_d="1.101569" m_tx="0.000000" m_ty="0.000000"/>
   <element name="image" layername="Sigi" frame="15" z_index="2" m_a="1.000000" m_b="0.000000" m_c="0.000000" m_d="1.000000" m_tx="0.000000" m_ty="8.000000"/>
   <element name="image" layername="Summon_" frame="16" z_index="1" m_a="1.000000" m_b="0.000000" m_c="0.000000" m_d="0.034188" m_tx="-1.000000" m_ty="-9.397736"/>
  </frame>
  <frame idx="450" w="860" h="614" x="197.251343" y="-75.511963">
   <element name="image" layername="Aur" frame="19" z_index="3" m_a="2.941291" m_b="0.000000" m_c="0.000000" m_d="1.090221" m_tx="0.000000" m_ty="0.000000"/>
   <element name="image" layername="Sigi" frame="15" z_index="2" m_a="1.000000" m_b="0.000000" m_c="0.000000" m_d="1.000000" m_tx="0.000000" m_ty="8.000000"/>
   <element name="image" layername="Summon_" frame="5" z_index="1" m_a="1.000000" m_b="0.000000" m_c="0.000000" m_d="0.204161" m_tx="-1.000000" m_ty="-46.285717"/>
  </frame>
  <frame idx="475" w="857" h="795" x="195.789703" y="-132.457825">
   <element name="image" layername="Aur" frame="19" z_index="3" m_a="2.930887" m_b="0.000000" m_c="0.000000" m_d="1.078873" m_tx="0.000000" m_ty="0.000000"/>
   <element name="image" layername="Sigi" frame="15" z_index="2" m_a="1.000000" m_b="0.000000" m_c="0.000000" m_d="1.000000" m_tx="0.000000" m_ty="8.000000"/>
   <element name="image" layername="Summon_" frame="5" z_index="1" m_a="1.000000" m_b="0.000000" m_c="0.000000" m_d="0.714314" m_tx="-1.000000" m_ty="-157.000000"/>
  </frame>
  <frame idx="500" w="856" h="897" x="194.328033" y="-165.637146">
   <element name="image" layername="Aur" frame="19" z_index="3" m_a="2.920484" m_b="0.000000" m_c="0.000000" m_d="1.067525" m_tx="0.000000" m_ty="0.000000"/>
   <element name="image" layername="Sigi" frame="15" z_index="2" m_a="1.000000" m_b="0.000000" m_c="0.000000" m_d="1.000000" m_tx="0.000000" m_ty="8.000000"/>
   <element name="image" layername="Summon_" frame="5" z_index="1" m_a="1.000000" m_b="0.000000" m_c="0.000000" m_d="1.006562" m_tx="-1.000000" m_ty="-220.181198"/>
  </frame>
  <frame idx="525" w="854" h="900" x="192.866394" y="-168.568115">
   <element name="image" layername="Aur" frame="19" z_index="3" m_a="2.910081" m_b="0.000000" m_c="0.000000" m_d="1.056177" m_tx="0.000000" m_ty="0.000000"/>
   <element name="image" layername="Sigi" frame="15" z_index="2" m_a="1.000000" m_b="0.000000" m_c="0.000000" m_d="1.000000" m_tx="0.000000" m_ty="8.000000"/>
   <element name="image" layername="Summon_" frame="4" z_index="1" m_a="1.000000" m_b="0.000000" m_c="0.000000" m_d="1.021474" m_tx="-1.000000" m_ty="-222.865768"/>
  </frame>
  <frame idx="550" w="853" h="902" x="191.404785" y="-171.499146">
   <element name="image" layername="Aur" frame="19" z_index="3" m_a="2.899678" m_b="0.000000" m_c="0.000000" m_d="1.044829" m_tx="0.000000" m_ty="0.000000"/>
   <element name="image" layername="Sigi" frame="15" z_index="2" m_a="1.000000" m_b="0.000000" m_c="0.000000" m_d="1.000000" m_tx="0.000000" m_ty="8.000000"/>
   <element name="image" layername="Summon_" frame="3" z_index="1" m_a="1.000000" m_b="0.000000" m_c="0.000000" m_d="1.036387" m_tx="-1.000000" m_ty="-225.550339"/>
  </frame>
  <frame idx="575" w="851" h="906" x="189.943146" y="-174.430145">
   <element name="image" layername="Aur" frame="19" z_index="3" m_a="2.889275" m_b="0.000000" m_c="0.000000" m_d="1.033481" m_tx="0.000000" m_ty="0.000000"/>
   <element name="image" layername="Sigi" frame="15" z_index="2" m_a="1.000000" m_b="0.000000" m_c="0.000000" m_d="1.000000" m_tx="0.000000" m_ty="8.000000"/>
   <element name="image" layername="Summon_" frame="2" z_index="1" m_a="1.000000" m_b="0.000000" m_c="0.000000" m_d="1.051299" m_tx="-1.000000" m_ty="-228.234894"/>
  </frame>
  <frame idx="600" w="850" h="908" x="188.481506" y="-177.361115">
   <element name="image" layername="Aur" frame="19" z_index="3" m_a="2.878872" m_b="0.000000" m_c="0.000000" m_d="1.022133" m_tx="0.000000" m_ty="0.000000"/>
   <element name="image" layername="Sigi" frame="15" z_index="2" m_a="1.000000" m_b="0.000000" m_c="0.000000" m_d="1.000000" m_tx="0.000000" m_ty="8.000000"/>
   <element name="image" layername="Summon_" frame="1" z_index="1" m_a="1.000000" m_b="0.000000" m_c="0.000000" m_d="1.066212" m_tx="-1.000000" m_ty="-230.919464"/>
  </frame>
  <frame idx="625" w="849" h="910" x="187.019867" y="-180.292114">
   <element name="image" layername="Aur" frame="19" z_index="3" m_a="2.868469" m_b="0.000000" m_c="0.000000" m_d="1.010785" m_tx="0.000000" m_ty="0.000000"/>
   <element name="image" layername="Sigi" frame="15" z_index="2" m_a="1.000000" m_b="0.000000" m_c="0.000000" m_d="1.000000" m_tx="0.000000" m_ty="8.000000"/>
   <element name="image" layername="Summon_" frame="1" z_index="1" m_a="1.000000" m_b="0.000000" m_c="0.000000" m_d="1.081125" m_tx="-1.000000" m_ty="-233.604019"/>
  </frame>
  <frame idx="650" w="846" h="879" x="185.558228" y="-172.987000">
   <element name="image" layername="Aur" frame="19" z_index="3" m_a="2.858066" m_b="0.000000" m_c="0.000000" m_d="0.999437" m_tx="0.000000" m_ty="0.000000"/>
   <element name="image" layername="Sigi" frame="9" z_index="2" m_a="1.016267" m_b="0.000000" m_c="0.000000" m_d="1.015625" m_tx="0.000000" m_ty="8.000000"/>
   <element name="image" layername="Summon_" frame="0" z_index="1" m_a="1.000000" m_b="0.000000" m_c="0.000000" m_d="1.000015" m_tx="-1.000000" m_ty="-215.816330"/>
  </frame>
  <frame idx="675" w="845" h="812" x="184.096588" y="-154.592712">
   <element name="image" layername="Aur" frame="19" z_index="3" m_a="2.847662" m_b="0.000000" m_c="0.000000" m_d="0.988089" m_tx="0.000000" m_ty="0.000000"/>
   <element name="image" layername="Sigi" frame="9" z_index="2" m_a="1.050157" m_b="0.000000" m_c="0.000000" m_d="1.048177" m_tx="0.000000" m_ty="8.000000"/>
   <element name="image" layername="Summon_" frame="20" z_index="1" m_a="1.000000" m_b="0.000000" m_c="0.000000" m_d="0.814881" m_tx="-1.000000" m_ty="-175.850342"/>
  </frame>
  <frame idx="700" w="843" h="744" x="182.634918" y="-136.198425">
   <element name="image" layername="Aur" frame="19" z_index="3" m_a="2.837259" m_b="0.000000" m_c="0.000000" m_d="0.976741" m_tx="0.000000" m_ty="0.000000"/>
   <element name="image" layername="Sigi" frame="9" z_index="2" m_a="1.063016" m_b="0.000000" m_c="0.000000" m_d="1.060529" m_tx="0.000000" m_ty="8.000000"/>
   <element name="image" layername="Summon_" frame="20" z_index="1" m_a="1.000000" m_b="0.000000" m_c="0.000000" m_d="0.629746" m_tx="-1.000000" m_ty="-135.884354"/>
  </frame>
  <frame idx="725" w="842" h="677" x="181.173309" y="-116.852554">
   <element name="image" layername="Aur" frame="19" z_index="3" m_a="2.826856" m_b="0.000000" m_c="0.000000" m_d="0.965393" m_tx="0.000000" m_ty="0.000000"/>
   <element name="image" layername="Sigi" frame="9" z_index="2" m_a="1.059353" m_b="0.000000" m_c="0.000000" m_d="1.057010" m_tx="0.000000" m_ty="8.000000"/>
   <element name="image" layername="Summon_" frame="21" z_index="1" m_a="1.000000" m_b="0.000000" m_c="0.000000" m_d="0.444612" m_tx="-1.000000" m_ty="-95.918365"/>
  </frame>
  <frame idx="750" w="827" h="611" x="167.800171" y="-97.261932">
   <element name="image" layername="Aur" frame="19" z_index="3" m_a="2.731674" m_b="0.000000" m_c="0.000000" m_d="0.929890" m_tx="0.000000" m_ty="0.000000"/>
   <element name="image" layername="Sigi" frame="9" z_index="2" m_a="1.055689" m_b="0.000000" m_c="0.000000" m_d="1.053491" m_tx="0.000000" m_ty="8.000000"/>
   <element name="image" layername="Summon_" frame="21" z_index="1" m_a="1.000000" m_b="0.000000" m_c="0.000000" m_d="0.259478" m_tx="-1.000000" m_ty="-55.952381"/>
  </frame>
  <frame idx="775" w="803" h="545" x="146.486023" y="-77.671310">
   <element name="image" layername="Aur" frame="19" z_index="3" m_a="2.579972" m_b="0.000000" m_c="0.000000" m_d="0.878283" m_tx="0.000000" m_ty="0.000000"/>
   <element name="image" layername="Sigi" frame="9" z_index="2" m_a="1.052025" m_b="0.000000" m_c="0.000000" m_d="1.049972" m_tx="0.000000" m_ty="8.000000"/>
   <element name="image" layername="Summon_" frame="21" z_index="1" m_a="1.000000" m_b="0.000000" m_c="0.000000" m_d="0.074344" m_tx="-1.000000" m_ty="-15.986397"/>
  </frame>
  <frame idx="800" w="780" h="303" x="125.171722" y="-5.070496">
   <element name="image" layername="Aur" frame="19" z_index="3" m_a="2.428268" m_b="0.000000" m_c="0.000000" m_d="0.826677" m_tx="0.000000" m_ty="0.000000"/>
   <element name="image" layername="Sigi" frame="9" z_index="2" m_a="1.048362" m_b="0.000000" m_c="0.000000" m_d="1.046453" m_tx="0.000000" m_ty="8.000000"/>
   <element name="image" layername="Summon_" frame="16" z_index="1" m_a="1.000000" m_b="0.000000" m_c="0.000000" m_d="0.036424" m_tx="-1.000000" m_ty="-7.915662"/>
  </frame>
  <frame idx="825" w="756" h="303" x="103.857269" y="-5.462875">
   <element name="image" layername="Aur" frame="19" z_index="3" m_a="2.276564" m_b="0.000000" m_c="0.000000" m_d="0.775072" m_tx="0.000000" m_ty="0.000000"/>
   <element name="image" layername="Sigi" frame="9" z_index="2" m_a="1.044698" m_b="0.000000" m_c="0.000000" m_d="1.042934" m_tx="0.000000" m_ty="8.000000"/>
   <element name="image" layername="Summon_" frame="16" z_index="1" m_a="1.000000" m_b="0.000000" m_c="0.000000" m_d="0.096648" m_tx="-1.000000" m_ty="-21.108433"/>
  </frame>
  <frame idx="850" w="733" h="303" x="82.542816" y="-5.991302">
   <element name="image" layername="Aur" frame="19" z_index="3" m_a="2.124860" m_b="0.000000" m_c="0.000000" m_d="0.723467" m_tx="0.000000" m_ty="0.000000"/>
   <element name="image" layername="Sigi" frame="8" z_index="2" m_a="1.039764" m_b="0.000000" m_c="0.000000" m_d="1.038195" m_tx="0.000000" m_ty="8.000000"/>
   <element name="image" layername="Summon_" frame="16" z_index="1" m_a="1.000000" m_b="0.000000" m_c="0.000000" m_d="0.156871" m_tx="-1.000000" m_ty="-34.301205"/>
  </frame>
  <frame idx="875" w="710" h="302" x="61.228333" y="-6.596237">
   <element name="image" layername="Aur" frame="19" z_index="3" m_a="1.973155" m_b="0.000000" m_c="0.000000" m_d="0.671863" m_tx="0.000000" m_ty="0.000000"/>
   <element name="image" layername="Sigi" frame="8" z_index="2" m_a="1.034116" m_b="0.000000" m_c="0.000000" m_d="1.032769" m_tx="0.000000" m_ty="8.000000"/>
   <element name="image" layername="Summon_" frame="16" z_index="1" m_a="1.000000" m_b="0.000000" m_c="0.000000" m_d="0.217095" m_tx="-1.000000" m_ty="-47.493977"/>
  </frame>
  <frame idx="900" w="686" h="301" x="39.913879" y="-7.183380">
   <element name="image" layername="Aur" frame="19" z_index="3" m_a="1.821451" m_b="0.000000" m_c="0.000000" m_d="0.620258" m_tx="0.000000" m_ty="0.000000"/>
   <element name="image" layername="Sigi" frame="7" z_index="2" m_a="1.028633" m_b="0.000000" m_c="0.000000" m_d="1.027503" m_tx="0.000000" m_ty="8.000000"/>
   <element name="image" layername="Summon_" frame="16" z_index="1" m_a="1.000000" m_b="0.000000" m_c="0.000000" m_d="0.277318" m_tx="-1.000000" m_ty="-60.686745"/>
  </frame>
  <frame idx="925" w="663" h="301" x="18.599457" y="-7.763580">
   <element name="image" layername="Aur" frame="19" z_index="3" m_a="1.669747" m_b="0.000000" m_c="0.000000" m_d="0.568653" m_tx="0.000000" m_ty="0.000000"/>
   <element name="image" layername="Sigi" frame="7" z_index="2" m_a="1.023216" m_b="0.000000" m_c="0.000000" m_d="1.022300" m_tx="0.000000" m_ty="8.000000"/>
   <element name="image" layername="Summon_" frame="16" z_index="1" m_a="1.000000" m_b="0.000000" m_c="0.000000" m_d="0.337542" m_tx="-1.000000" m_ty="-73.879517"/>
  </frame>
  <frame idx="950" w="646" h="300" x="3.870880" y="-8.827774">
   <element name="image" layername="Aur" frame="19" z_index="3" m_a="1.518043" m_b="0.000000" m_c="0.000000" m_d="0.517048" m_tx="0.000000" m_ty="0.000000"/>
   <element name="image" layername="Sigi" frame="6" z_index="2" m_a="1.013279" m_b="0.000000" m_c="0.000000" m_d="1.012755" m_tx="0.000000" m_ty="8.000000"/>
   <element name="image" layername="Summon_" frame="16" z_index="1" m_a="1.000000" m_b="0.000000" m_c="0.000000" m_d="0.397765" m_tx="-1.000000" m_ty="-87.072289"/>
  </frame>
  <frame idx="975" w="643" h="297" x="0.645172" y="-10.012970">
   <element name="image" layername="Aur" frame="19" z_index="3" m_a="1.366338" m_b="0.000000" m_c="0.000000" m_d="0.465443" m_tx="0.000000" m_ty="0.000000"/>
   <element name="image" layername="Sigi" frame="6" z_index="2" m_a="1.002213" m_b="0.000000" m_c="0.000000" m_d="1.002126" m_tx="0.000000" m_ty="8.000000"/>
   <element name="image" layername="Summon_" frame="16" z_index="1" m_a="1.000000" m_b="0.000000" m_c="0.000000" m_d="0.457989" m_tx="-1.000000" m_ty="-100.265060"/>
  </frame>
  <frame idx="1000" w="344" h="237" x="30.156082" y="-65.590897">
   <element name="image" layername="Aur" frame="19" z_index="3" m_a="1.214634" m_b="0.000000" m_c="0.000000" m_d="0.413839" m_tx="0.000000" m_ty="0.000000"/>
   <element name="image" layername="Sigi" frame="16" z_index="2" m_a="0.909100" m_b="0.000000" m_c="0.000000" m_d="0.909100" m_tx="0.000000" m_ty="8.000000"/>
   <element name="image" layername="Summon_" frame="16" z_index="1" m_a="1.000000" m_b="0.000000" m_c="0.000000" m_d="0.518212" m_tx="-1.000000" m_ty="-113.457832"/>
  </frame>
  <frame idx="1025" w="319" h="237" x="8.841644" y="-65.704529">
   <element name="image" layername="Aur" frame="19" z_index="3" m_a="1.062930" m_b="0.000000" m_c="0.000000" m_d="0.362234" m_tx="0.000000" m_ty="0.000000"/>
   <element name="image" layername="Sigi" frame="16" z_index="2" m_a="0.795475" m_b="0.000000" m_c="0.000000" m_d="0.795475" m_tx="0.000000" m_ty="8.000000"/>
   <element name="image" layername="Summon_" frame="16" z_index="1" m_a="1.000000" m_b="0.000000" m_c="0.000000" m_d="0.578436" m_tx="-1.000000" m_ty="-126.650597"/>
  </frame>
  <frame idx="1050" w="296" h="238" x="-12.472809" y="-66.239838">
   <element name="image" layername="Aur" frame="19" z_index="3" m_a="0.911226" m_b="0.000000" m_c="0.000000" m_d="0.310629" m_tx="0.000000" m_ty="0.000000"/>
   <element name="image" layername="Sigi" frame="16" z_index="2" m_a="0.681850" m_b="0.000000" m_c="0.000000" m_d="0.681850" m_tx="0.000000" m_ty="8.000000"/>
   <element name="image" layername="Summon_" frame="16" z_index="1" m_a="1.000000" m_b="0.000000" m_c="0.000000" m_d="0.638659" m_tx="-1.000000" m_ty="-139.843369"/>
  </frame>
  <frame idx="1075" w="273" h="260" x="-33.787262" y="-72.949852">
   <element name="image" layername="Aur" frame="19" z_index="3" m_a="0.759521" m_b="0.000000" m_c="0.000000" m_d="0.259024" m_tx="0.000000" m_ty="0.000000"/>
   <element name="image" layername="Sigi" frame="16" z_index="2" m_a="0.568225" m_b="0.000000" m_c="0.000000" m_d="0.568225" m_tx="0.000000" m_ty="8.000000"/>
   <element name="image" layername="Summon_" frame="16" z_index="1" m_a="1.000000" m_b="0.000000" m_c="0.000000" m_d="0.698883" m_tx="-1.000000" m_ty="-153.036148"/>
  </frame>
  <frame idx="1100" w="249" h="281" x="-55.101707" y="-79.659859">
   <element name="image" layername="Aur" frame="19" z_index="3" m_a="0.607817" m_b="0.000000" m_c="0.000000" m_d="0.207419" m_tx="0.000000" m_ty="0.000000"/>
   <element name="image" layername="Sigi" frame="16" z_index="2" m_a="0.454600" m_b="0.000000" m_c="0.000000" m_d="0.454600" m_tx="0.000000" m_ty="8.000000"/>
   <element name="image" layername="Summon_" frame="16" z_index="1" m_a="1.000000" m_b="0.000000" m_c="0.000000" m_d="0.759106" m_tx="-1.000000" m_ty="-166.228912"/>
  </frame>
  <frame idx="1125" w="233" h="303" x="-70.250000" y="-86.369873">
   <element name="image" layername="Aur" frame="19" z_index="3" m_a="0.456113" m_b="0.000000" m_c="0.000000" m_d="0.155814" m_tx="0.000000" m_ty="0.000000"/>
   <element name="image" layername="Sigi" frame="16" z_index="2" m_a="0.340975" m_b="0.000000" m_c="0.000000" m_d="0.340975" m_tx="0.000000" m_ty="8.000000"/>
   <element name="image" layername="Summon_" frame="16" z_index="1" m_a="1.000000" m_b="0.000000" m_c="0.000000" m_d="0.819330" m_tx="-1.000000" m_ty="-179.421692"/>
  </frame>
  <frame idx="1150" w="233" h="325" x="-70.250000" y="-93.079880">
   <element name="image" layername="Aur" frame="19" z_index="3" m_a="0.304409" m_b="0.000000" m_c="0.000000" m_d="0.104210" m_tx="0.000000" m_ty="0.000000"/>
   <element name="image" layername="Sigi" frame="16" z_index="2" m_a="0.227350" m_b="0.000000" m_c="0.000000" m_d="0.227350" m_tx="0.000000" m_ty="8.000000"/>
   <element name="image" layername="Summon_" frame="16" z_index="1" m_a="1.000000" m_b="0.000000" m_c="0.000000" m_d="0.879553" m_tx="-1.000000" m_ty="-192.614456"/>
  </frame>
  <frame idx="1175" w="233" h="346" x="-70.250000" y="-99.789886">
   <element name="image" layername="Aur" frame="19" z_index="3" m_a="0.152704" m_b="0.000000" m_c="0.000000" m_d="0.052605" m_tx="0.000000" m_ty="0.000000"/>
   <element name="image" layername="Sigi" frame="16" z_index="2" m_a="0.113725" m_b="0.000000" m_c="0.000000" m_d="0.113725" m_tx="0.000000" m_ty="8.000000"/>
   <element name="image" layername="Summon_" frame="16" z_index="1" m_a="1.000000" m_b="0.000000" m_c="0.000000" m_d="0.939776" m_tx="-1.000000" m_ty="-205.807220"/>
  </frame>
 </anim>
</Anims>
