<Anims>
 <anim name="idle" root="cultprayer" numframes="2000" framerate="40">
  <frame idx="0" w="74" h="247" x="-0.480778" y="-117.788475">
   <element name="image" layername="Prave" frame="5" z_index="1" m_a="1.000000" m_b="-0.000000" m_c="0.000000" m_d="1.000000" m_tx="-0.480777" m_ty="-117.788467"/>
  </frame>
  <frame idx="25" w="75" h="247" x="-1.317463" y="-117.084229">
   <element name="image" layername="Prave" frame="5" z_index="1" m_a="0.999991" m_b="-0.004169" m_c="0.004169" m_d="0.999991" m_tx="-1.538105" m_ty="-116.946205"/>
  </frame>
  <frame idx="50" w="77" h="246" x="-2.154934" y="-116.365814">
   <element name="image" layername="Prave" frame="5" z_index="1" m_a="0.999965" m_b="-0.008337" m_c="0.008337" m_d="0.999965" m_tx="-2.595620" m_ty="-116.088875"/>
  </frame>
  <frame idx="75" w="79" h="246" x="-2.993294" y="-115.633278">
   <element name="image" layername="Prave" frame="5" z_index="1" m_a="0.999922" m_b="-0.012504" m_c="0.012504" m_d="0.999922" m_tx="-3.653438" m_ty="-115.216484"/>
  </frame>
  <frame idx="100" w="80" h="245" x="-3.832657" y="-114.886597">
   <element name="image" layername="Prave" frame="4" z_index="1" m_a="0.999861" m_b="-0.016672" m_c="0.016672" m_d="0.999861" m_tx="-4.711699" m_ty="-114.329033"/>
  </frame>
  <frame idx="125" w="81" h="245" x="-4.673264" y="-114.125740">
   <element name="image" layername="Prave" frame="4" z_index="1" m_a="0.999783" m_b="-0.020840" m_c="0.020840" m_d="0.999783" m_tx="-5.770591" m_ty="-113.426506"/>
  </frame>
  <frame idx="150" w="83" h="244" x="-5.515228" y="-113.350739">
   <element name="image" layername="Prave" frame="4" z_index="1" m_a="0.999687" m_b="-0.025007" m_c="0.025007" m_d="0.999687" m_tx="-6.830252" m_ty="-112.508934"/>
  </frame>
  <frame idx="175" w="84" h="244" x="-6.358692" y="-112.561600">
   <element name="image" layername="Prave" frame="4" z_index="1" m_a="0.999574" m_b="-0.029173" m_c="0.029173" m_d="0.999574" m_tx="-7.890817" m_ty="-111.576332"/>
  </frame>
  <frame idx="200" w="85" h="242" x="-7.203796" y="-111.758354">
   <element name="image" layername="Prave" frame="3" z_index="1" m_a="0.999444" m_b="-0.033340" m_c="0.033340" m_d="0.999444" m_tx="-8.952447" m_ty="-110.628677"/>
  </frame>
  <frame idx="225" w="86" h="242" x="-8.050816" y="-110.940979">
   <element name="image" layername="Prave" frame="3" z_index="1" m_a="0.999296" m_b="-0.037505" m_c="0.037505" m_d="0.999296" m_tx="-10.015357" m_ty="-109.666016"/>
  </frame>
  <frame idx="250" w="88" h="241" x="-8.899841" y="-110.109467">
   <element name="image" layername="Prave" frame="3" z_index="1" m_a="0.999131" m_b="-0.041670" m_c="0.041670" m_d="0.999131" m_tx="-11.079674" m_ty="-108.688316"/>
  </frame>
  <frame idx="275" w="90" h="241" x="-9.750950" y="-109.263855">
   <element name="image" layername="Prave" frame="3" z_index="1" m_a="0.998949" m_b="-0.045834" m_c="0.045834" m_d="0.998949" m_tx="-12.145481" m_ty="-107.695625"/>
  </frame>
  <frame idx="300" w="91" h="240" x="-10.604435" y="-108.404160">
   <element name="image" layername="Prave" frame="2" z_index="1" m_a="0.998749" m_b="-0.049998" m_c="0.049998" m_d="0.998749" m_tx="-13.213028" m_ty="-106.687958"/>
  </frame>
  <frame idx="325" w="93" h="239" x="-11.460396" y="-107.530365">
   <element name="image" layername="Prave" frame="2" z_index="1" m_a="0.998532" m_b="-0.054160" m_c="0.054160" m_d="0.998532" m_tx="-14.282434" m_ty="-105.665298"/>
  </frame>
  <frame idx="350" w="94" h="239" x="-12.318871" y="-106.642540">
   <element name="image" layername="Prave" frame="2" z_index="1" m_a="0.998298" m_b="-0.058322" m_c="0.058322" m_d="0.998298" m_tx="-15.353776" m_ty="-104.627693"/>
  </frame>
  <frame idx="375" w="95" h="238" x="-13.180328" y="-105.740623">
   <element name="image" layername="Prave" frame="2" z_index="1" m_a="0.998046" m_b="-0.062482" m_c="0.062482" m_d="0.998046" m_tx="-16.427399" m_ty="-103.575150"/>
  </frame>
  <frame idx="400" w="96" h="237" x="-14.044601" y="-104.824722">
   <element name="image" layername="Prave" frame="1" z_index="1" m_a="0.997777" m_b="-0.066642" m_c="0.066642" m_d="0.997777" m_tx="-17.503267" m_ty="-102.507706"/>
  </frame>
  <frame idx="425" w="98" h="237" x="-14.912018" y="-103.894760">
   <element name="image" layername="Prave" frame="1" z_index="1" m_a="0.997490" m_b="-0.070801" m_c="0.070801" m_d="0.997490" m_tx="-18.581635" m_ty="-101.425323"/>
  </frame>
  <frame idx="450" w="99" h="236" x="-15.782803" y="-102.950790">
   <element name="image" layername="Prave" frame="1" z_index="1" m_a="0.997186" m_b="-0.074957" m_c="0.074957" m_d="0.997187" m_tx="-19.662689" m_ty="-100.328087"/>
  </frame>
  <frame idx="475" w="101" h="235" x="-16.656872" y="-101.992882">
   <element name="image" layername="Prave" frame="1" z_index="1" m_a="0.996865" m_b="-0.079113" m_c="0.079113" m_d="0.996866" m_tx="-20.746439" m_ty="-99.216019"/>
  </frame>
  <frame idx="500" w="103" h="235" x="-17.534531" y="-101.021019">
   <element name="image" layername="Prave" frame="5" z_index="1" m_a="0.996527" m_b="-0.083268" m_c="0.083268" m_d="0.996527" m_tx="-21.833130" m_ty="-98.089119"/>
  </frame>
  <frame idx="525" w="104" h="234" x="-18.416042" y="-100.035141">
   <element name="image" layername="Prave" frame="5" z_index="1" m_a="0.996171" m_b="-0.087420" m_c="0.087420" m_d="0.996171" m_tx="-22.922977" m_ty="-96.947365"/>
  </frame>
  <frame idx="550" w="105" h="233" x="-19.301353" y="-99.035461">
   <element name="image" layername="Prave" frame="5" z_index="1" m_a="0.995798" m_b="-0.091572" m_c="0.091572" m_d="0.995798" m_tx="-24.016022" m_ty="-95.790894"/>
  </frame>
  <frame idx="575" w="107" h="231" x="-20.190773" y="-98.021835">
   <element name="image" layername="Prave" frame="5" z_index="1" m_a="0.995408" m_b="-0.095722" m_c="0.095722" m_d="0.995408" m_tx="-25.112495" m_ty="-94.619644"/>
  </frame>
  <frame idx="600" w="108" h="231" x="-21.084381" y="-96.994385">
   <element name="image" layername="Prave" frame="4" z_index="1" m_a="0.995000" m_b="-0.099870" m_c="0.099870" m_d="0.995000" m_tx="-26.212502" m_ty="-93.433701"/>
  </frame>
  <frame idx="625" w="109" h="230" x="-21.982307" y="-95.953110">
   <element name="image" layername="Prave" frame="4" z_index="1" m_a="0.994575" m_b="-0.104017" m_c="0.104017" m_d="0.994576" m_tx="-27.316185" m_ty="-92.233070"/>
  </frame>
  <frame idx="650" w="109" h="229" x="-21.570862" y="-95.431755">
   <element name="image" layername="Prave" frame="4" z_index="1" m_a="0.994722" m_b="-0.102608" m_c="0.102608" m_d="0.994722" m_tx="-26.834883" m_ty="-91.765968"/>
  </frame>
  <frame idx="675" w="106" h="229" x="-19.746475" y="-95.458206">
   <element name="image" layername="Prave" frame="4" z_index="1" m_a="0.995460" m_b="-0.095177" m_c="0.095177" m_d="0.995460" m_tx="-24.641016" m_ty="-92.076790"/>
  </frame>
  <frame idx="700" w="103" h="228" x="-17.933807" y="-95.448380">
   <element name="image" layername="Prave" frame="3" z_index="1" m_a="0.996143" m_b="-0.087741" m_c="0.087741" m_d="0.996143" m_tx="-22.456781" m_ty="-92.348549"/>
  </frame>
  <frame idx="725" w="101" h="228" x="-16.132217" y="-95.402161">
   <element name="image" layername="Prave" frame="3" z_index="1" m_a="0.996770" m_b="-0.080300" m_c="0.080300" m_d="0.996771" m_tx="-20.281530" m_ty="-92.581108"/>
  </frame>
  <frame idx="750" w="97" h="227" x="-14.341057" y="-95.319397">
   <element name="image" layername="Prave" frame="3" z_index="1" m_a="0.997342" m_b="-0.072854" m_c="0.072854" m_d="0.997343" m_tx="-18.114639" m_ty="-92.774353"/>
  </frame>
  <frame idx="775" w="95" h="227" x="-12.559620" y="-95.200027">
   <element name="image" layername="Prave" frame="3" z_index="1" m_a="0.997859" m_b="-0.065405" m_c="0.065405" m_d="0.997859" m_tx="-15.955396" m_ty="-92.928192"/>
  </frame>
  <frame idx="800" w="92" h="226" x="-10.787109" y="-95.043938">
   <element name="image" layername="Prave" frame="2" z_index="1" m_a="0.998319" m_b="-0.057952" m_c="0.057952" m_d="0.998319" m_tx="-13.803075" m_ty="-93.042465"/>
  </frame>
  <frame idx="825" w="90" h="226" x="-9.022831" y="-94.851082">
   <element name="image" layername="Prave" frame="2" z_index="1" m_a="0.998724" m_b="-0.050495" m_c="0.050495" m_d="0.998724" m_tx="-11.656976" m_ty="-93.117134"/>
  </frame>
  <frame idx="850" w="86" h="225" x="-7.266167" y="-94.621384">
   <element name="image" layername="Prave" frame="2" z_index="1" m_a="0.999073" m_b="-0.043036" m_c="0.043036" m_d="0.999074" m_tx="-9.516478" m_ty="-93.152092"/>
  </frame>
  <frame idx="875" w="84" h="224" x="-5.516239" y="-94.354759">
   <element name="image" layername="Prave" frame="2" z_index="1" m_a="0.999367" m_b="-0.035574" m_c="0.035574" m_d="0.999367" m_tx="-7.380779" m_ty="-93.147263"/>
  </frame>
  <frame idx="900" w="81" h="223" x="-3.772404" y="-94.051201">
   <element name="image" layername="Prave" frame="1" z_index="1" m_a="0.999605" m_b="-0.028111" m_c="0.028111" m_d="0.999605" m_tx="-5.249226" m_ty="-93.102608"/>
  </frame>
  <frame idx="925" w="79" h="223" x="-2.033955" y="-93.710663">
   <element name="image" layername="Prave" frame="1" z_index="1" m_a="0.999787" m_b="-0.020646" m_c="0.020646" m_d="0.999787" m_tx="-3.121136" m_ty="-93.018051"/>
  </frame>
  <frame idx="950" w="75" h="222" x="-0.300240" y="-93.333069">
   <element name="image" layername="Prave" frame="1" z_index="1" m_a="0.999913" m_b="-0.013179" m_c="0.013179" m_d="0.999913" m_tx="-0.995857" m_ty="-92.893555"/>
  </frame>
  <frame idx="975" w="73" h="220" x="1.429609" y="-92.918442">
   <element name="image" layername="Prave" frame="1" z_index="1" m_a="0.999983" m_b="-0.005712" m_c="0.005712" m_d="0.999984" m_tx="1.127413" m_ty="-92.729080"/>
  </frame>
  <frame idx="1000" w="71" h="219" x="3.156256" y="-92.466766">
   <element name="image" layername="Prave" frame="5" z_index="1" m_a="0.999998" m_b="0.001755" m_c="-0.001755" m_d="0.999998" m_tx="3.249336" m_ty="-92.524597"/>
  </frame>
  <frame idx="1025" w="69" h="220" x="5.458998" y="-93.654709">
   <element name="image" layername="Prave" frame="5" z_index="1" m_a="0.999989" m_b="0.004659" m_c="-0.004659" m_d="0.999989" m_tx="5.706314" m_ty="-93.807899"/>
  </frame>
  <frame idx="1050" w="66" h="223" x="7.761726" y="-94.767769">
   <element name="image" layername="Prave" frame="5" z_index="1" m_a="0.999971" m_b="0.007564" m_c="-0.007564" m_d="0.999971" m_tx="8.163585" m_ty="-95.015862"/>
  </frame>
  <frame idx="1075" w="64" h="224" x="10.066038" y="-95.805969">
   <element name="image" layername="Prave" frame="5" z_index="1" m_a="0.999945" m_b="0.010469" m_c="-0.010469" m_d="0.999945" m_tx="10.622689" m_ty="-96.148529"/>
  </frame>
  <frame idx="1100" w="62" h="225" x="12.373354" y="-96.769356">
   <element name="image" layername="Prave" frame="4" z_index="1" m_a="0.999910" m_b="0.013373" m_c="-0.013373" m_d="0.999911" m_tx="13.085071" m_ty="-97.205917"/>
  </frame>
  <frame idx="1125" w="60" h="226" x="14.685064" y="-97.657990">
   <element name="image" layername="Prave" frame="4" z_index="1" m_a="0.999867" m_b="0.016277" m_c="-0.016277" m_d="0.999867" m_tx="15.552147" m_ty="-98.188126"/>
  </frame>
  <frame idx="1150" w="58" h="227" x="17.002899" y="-98.472046">
   <element name="image" layername="Prave" frame="4" z_index="1" m_a="0.999816" m_b="0.019181" m_c="-0.019181" m_d="0.999816" m_tx="18.025564" m_ty="-99.095261"/>
  </frame>
  <frame idx="1175" w="54" h="228" x="19.328091" y="-99.211578">
   <element name="image" layername="Prave" frame="4" z_index="1" m_a="0.999756" m_b="0.022085" m_c="-0.022085" m_d="0.999756" m_tx="20.506638" m_ty="-99.927444"/>
  </frame>
  <frame idx="1200" w="52" h="229" x="21.662170" y="-99.876785">
   <element name="image" layername="Prave" frame="3" z_index="1" m_a="0.999687" m_b="0.024989" m_c="-0.024989" m_d="0.999688" m_tx="22.996889" m_ty="-100.684860"/>
  </frame>
  <frame idx="1225" w="50" h="230" x="24.006737" y="-100.467850">
   <element name="image" layername="Prave" frame="3" z_index="1" m_a="0.999611" m_b="0.027892" m_c="-0.027892" m_d="0.999611" m_tx="25.497868" m_ty="-101.367676"/>
  </frame>
  <frame idx="1250" w="48" h="230" x="26.363125" y="-100.985046">
   <element name="image" layername="Prave" frame="3" z_index="1" m_a="0.999525" m_b="0.030795" m_c="-0.030795" m_d="0.999526" m_tx="28.010933" m_ty="-101.976151"/>
  </frame>
  <frame idx="1275" w="46" h="231" x="28.732834" y="-101.428543">
   <element name="image" layername="Prave" frame="3" z_index="1" m_a="0.999432" m_b="0.033698" m_c="-0.033698" m_d="0.999432" m_tx="30.537594" m_ty="-102.510483"/>
  </frame>
  <frame idx="1300" w="43" h="233" x="31.117294" y="-101.798668">
   <element name="image" layername="Prave" frame="2" z_index="1" m_a="0.999330" m_b="0.036601" m_c="-0.036601" m_d="0.999330" m_tx="33.079285" m_ty="-102.970993"/>
  </frame>
  <frame idx="1325" w="41" h="233" x="33.518047" y="-102.095734">
   <element name="image" layername="Prave" frame="2" z_index="1" m_a="0.999219" m_b="0.039504" m_c="-0.039504" m_d="0.999219" m_tx="35.637505" m_ty="-103.357986"/>
  </frame>
  <frame idx="1350" w="39" h="234" x="35.936508" y="-102.320068">
   <element name="image" layername="Prave" frame="2" z_index="1" m_a="0.999100" m_b="0.042406" m_c="-0.042406" m_d="0.999101" m_tx="38.213696" m_ty="-103.671791"/>
  </frame>
  <frame idx="1375" w="37" h="234" x="38.374065" y="-102.472038">
   <element name="image" layername="Prave" frame="1" z_index="1" m_a="0.998973" m_b="0.045307" m_c="-0.045307" m_d="0.998973" m_tx="40.809242" m_ty="-103.912758"/>
  </frame>
  <frame idx="1400" w="35" h="234" x="40.832161" y="-102.551994">
   <element name="image" layername="Prave" frame="1" z_index="1" m_a="0.998837" m_b="0.048209" m_c="-0.048209" m_d="0.998837" m_tx="43.425613" m_ty="-104.081276"/>
  </frame>
  <frame idx="1425" w="32" h="234" x="42.954994" y="-102.647858">
   <element name="image" layername="Prave" frame="1" z_index="1" m_a="0.998714" m_b="0.050702" m_c="-0.050702" m_d="0.998714" m_tx="45.684635" m_ty="-104.252853"/>
  </frame>
  <frame idx="1450" w="35" h="235" x="40.985359" y="-103.697487">
   <element name="image" layername="Prave" frame="1" z_index="1" m_a="0.998823" m_b="0.048499" m_c="-0.048499" m_d="0.998823" m_tx="43.594650" m_ty="-105.235580"/>
  </frame>
  <frame idx="1475" w="36" h="236" x="39.026627" y="-104.712326">
   <element name="image" layername="Prave" frame="1" z_index="1" m_a="0.998927" m_b="0.046296" m_c="-0.046296" m_d="0.998928" m_tx="41.515682" m_ty="-106.183250"/>
  </frame>
  <frame idx="1500" w="38" h="237" x="37.078110" y="-105.692245">
   <element name="image" layername="Prave" frame="5" z_index="1" m_a="0.999027" m_b="0.044093" m_c="-0.044093" m_d="0.999027" m_tx="39.447144" m_ty="-107.095757"/>
  </frame>
  <frame idx="1525" w="40" h="238" x="35.139515" y="-106.637054">
   <element name="image" layername="Prave" frame="5" z_index="1" m_a="0.999122" m_b="0.041890" m_c="-0.041890" m_d="0.999122" m_tx="37.388641" m_ty="-107.972885"/>
  </frame>
  <frame idx="1550" w="41" h="239" x="33.210297" y="-107.546692">
   <element name="image" layername="Prave" frame="5" z_index="1" m_a="0.999212" m_b="0.039686" m_c="-0.039686" m_d="0.999212" m_tx="35.339668" m_ty="-108.814575"/>
  </frame>
  <frame idx="1575" w="43" h="239" x="31.289967" y="-108.420975">
   <element name="image" layername="Prave" frame="5" z_index="1" m_a="0.999297" m_b="0.037482" m_c="-0.037482" m_d="0.999297" m_tx="33.299702" m_ty="-109.620636"/>
  </frame>
  <frame idx="1600" w="46" h="240" x="29.377934" y="-109.259819">
   <element name="image" layername="Prave" frame="4" z_index="1" m_a="0.999377" m_b="0.035278" m_c="-0.035278" m_d="0.999378" m_tx="31.268242" m_ty="-110.391014"/>
  </frame>
  <frame idx="1625" w="47" h="241" x="27.473913" y="-110.063110">
   <element name="image" layername="Prave" frame="4" z_index="1" m_a="0.999453" m_b="0.033074" m_c="-0.033074" m_d="0.999453" m_tx="29.244898" m_ty="-111.125542"/>
  </frame>
  <frame idx="1650" w="49" h="241" x="25.577116" y="-110.830704">
   <element name="image" layername="Prave" frame="4" z_index="1" m_a="0.999523" m_b="0.030870" m_c="-0.030870" m_d="0.999523" m_tx="27.228973" m_ty="-111.824165"/>
  </frame>
  <frame idx="1675" w="51" h="242" x="23.687393" y="-111.562546">
   <element name="image" layername="Prave" frame="4" z_index="1" m_a="0.999589" m_b="0.028665" m_c="-0.028665" m_d="0.999589" m_tx="25.220219" m_ty="-112.486725"/>
  </frame>
  <frame idx="1700" w="52" h="242" x="21.803928" y="-112.258514">
   <element name="image" layername="Prave" frame="3" z_index="1" m_a="0.999650" m_b="0.026461" m_c="-0.026461" m_d="0.999650" m_tx="23.217937" m_ty="-113.113174"/>
  </frame>
  <frame idx="1725" w="54" h="244" x="19.926493" y="-112.918541">
   <element name="image" layername="Prave" frame="3" z_index="1" m_a="0.999705" m_b="0.024256" m_c="-0.024256" m_d="0.999706" m_tx="21.221783" m_ty="-113.703407"/>
  </frame>
  <frame idx="1750" w="57" h="244" x="18.054306" y="-113.542557">
   <element name="image" layername="Prave" frame="3" z_index="1" m_a="0.999757" m_b="0.022052" m_c="-0.022052" m_d="0.999757" m_tx="19.231083" m_ty="-114.257370"/>
  </frame>
  <frame idx="1775" w="58" h="245" x="16.187157" y="-114.130440">
   <element name="image" layername="Prave" frame="3" z_index="1" m_a="0.999803" m_b="0.019846" m_c="-0.019846" m_d="0.999803" m_tx="17.245525" m_ty="-114.774940"/>
  </frame>
  <frame idx="1800" w="60" h="245" x="14.324278" y="-114.682167">
   <element name="image" layername="Prave" frame="2" z_index="1" m_a="0.999844" m_b="0.017642" m_c="-0.017642" m_d="0.999844" m_tx="15.264443" m_ty="-115.256111"/>
  </frame>
  <frame idx="1825" w="62" h="246" x="12.465395" y="-115.197693">
   <element name="image" layername="Prave" frame="2" z_index="1" m_a="0.999881" m_b="0.015436" m_c="-0.015436" m_d="0.999881" m_tx="13.287461" m_ty="-115.700783"/>
  </frame>
  <frame idx="1850" w="63" h="246" x="10.609762" y="-115.676910">
   <element name="image" layername="Prave" frame="2" z_index="1" m_a="0.999912" m_b="0.013232" m_c="-0.013232" m_d="0.999912" m_tx="11.313940" m_ty="-116.108917"/>
  </frame>
  <frame idx="1875" w="65" h="246" x="8.757183" y="-116.119843">
   <element name="image" layername="Prave" frame="2" z_index="1" m_a="0.999939" m_b="0.011026" m_c="-0.011026" m_d="0.999939" m_tx="9.343578" m_ty="-116.480484"/>
  </frame>
  <frame idx="1900" w="68" h="247" x="6.906811" y="-116.526398">
   <element name="image" layername="Prave" frame="1" z_index="1" m_a="0.999961" m_b="0.008821" m_c="-0.008821" m_d="0.999961" m_tx="7.375626" m_ty="-116.815422"/>
  </frame>
  <frame idx="1925" w="69" h="247" x="5.058390" y="-116.896545">
   <element name="image" layername="Prave" frame="1" z_index="1" m_a="0.999978" m_b="0.006616" m_c="-0.006616" m_d="0.999978" m_tx="5.409764" m_ty="-117.113716"/>
  </frame>
  <frame idx="1950" w="71" h="247" x="3.211348" y="-117.230316">
   <element name="image" layername="Prave" frame="1" z_index="1" m_a="0.999990" m_b="0.004410" m_c="-0.004410" m_d="0.999990" m_tx="3.445414" m_ty="-117.375328"/>
  </frame>
  <frame idx="1975" w="72" h="247" x="1.365160" y="-117.527626">
   <element name="image" layername="Prave" frame="1" z_index="1" m_a="0.999997" m_b="0.002205" m_c="-0.002205" m_d="0.999998" m_tx="1.482104" m_ty="-117.600243"/>
  </frame>
 </anim>
</Anims>
