<Anims>
 <anim name="idle" root="cultaura" numframes="1000" framerate="40">
  <frame idx="0" w="412" h="640" x="0.000015" y="-350.000031">
   <element name="image" layername="CultAur" frame="5" z_index="4" m_a="1.000000" m_b="-0.000000" m_c="0.000000" m_d="1.000000" m_tx="-0.000015" m_ty="-350.000000"/>
   <element name="image" layername="CultAura5" frame="0" z_index="3" m_a="1.000000" m_b="-0.000000" m_c="0.000000" m_d="1.000000" m_tx="-0.000015" m_ty="-350.000000"/>
  </frame>
  <frame idx="25" w="412" h="640" x="0.000015" y="-350.000031">
   <element name="image" layername="CultAur" frame="5" z_index="4" m_a="1.000000" m_b="-0.000000" m_c="0.000000" m_d="1.000000" m_tx="-0.000015" m_ty="-350.000000"/>
   <element name="image" layername="CultAura5" frame="0" z_index="3" m_a="1.000000" m_b="-0.000000" m_c="0.000000" m_d="1.000000" m_tx="-0.000015" m_ty="-350.000000"/>
  </frame>
  <frame idx="50" w="412" h="640" x="0.000015" y="-350.000031">
   <element name="image" layername="CultAur" frame="5" z_index="4" m_a="1.000000" m_b="-0.000000" m_c="0.000000" m_d="1.000000" m_tx="-0.000015" m_ty="-350.000000"/>
   <element name="image" layername="CultAura5" frame="0" z_index="3" m_a="1.000000" m_b="-0.000000" m_c="0.000000" m_d="1.000000" m_tx="-0.000015" m_ty="-350.000000"/>
  </frame>
  <frame idx="75" w="412" h="640" x="0.000015" y="-350.000031">
   <element name="image" layername="CultAur" frame="5" z_index="4" m_a="1.000000" m_b="-0.000000" m_c="0.000000" m_d="1.000000" m_tx="-0.000015" m_ty="-350.000000"/>
   <element name="image" layername="CultAura5" frame="0" z_index="3" m_a="1.000000" m_b="-0.000000" m_c="0.000000" m_d="1.000000" m_tx="-0.000015" m_ty="-350.000000"/>
  </frame>
  <frame idx="100" w="412" h="640" x="0.000015" y="-350.000031">
   <element name="image" layername="CultAur" frame="5" z_index="4" m_a="1.000000" m_b="-0.000000" m_c="0.000000" m_d="1.000000" m_tx="-0.000015" m_ty="-350.000000"/>
   <element name="image" layername="CultAura5" frame="0" z_index="3" m_a="1.000000" m_b="-0.000000" m_c="0.000000" m_d="1.000000" m_tx="-0.000015" m_ty="-350.000000"/>
  </frame>
  <frame idx="125" w="412" h="640" x="0.000015" y="-350.000031">
   <element name="image" layername="CultAur" frame="5" z_index="4" m_a="1.000000" m_b="-0.000000" m_c="0.000000" m_d="1.000000" m_tx="-0.000015" m_ty="-350.000000"/>
   <element name="image" layername="CultAura5" frame="0" z_index="3" m_a="1.000000" m_b="-0.000000" m_c="0.000000" m_d="1.000000" m_tx="-0.000015" m_ty="-350.000000"/>
  </frame>
  <frame idx="150" w="412" h="640" x="0.000015" y="-350.000031">
   <element name="image" layername="CultAur" frame="5" z_index="4" m_a="1.000000" m_b="-0.000000" m_c="0.000000" m_d="1.000000" m_tx="-0.000015" m_ty="-350.000000"/>
   <element name="image" layername="CultAura5" frame="0" z_index="3" m_a="1.000000" m_b="-0.000000" m_c="0.000000" m_d="1.000000" m_tx="-0.000015" m_ty="-350.000000"/>
  </frame>
  <frame idx="175" w="412" h="640" x="0.000015" y="-350.000031">
   <element name="image" layername="CultAur" frame="5" z_index="4" m_a="1.000000" m_b="-0.000000" m_c="0.000000" m_d="1.000000" m_tx="-0.000015" m_ty="-350.000000"/>
   <element name="image" layername="CultAura5" frame="0" z_index="3" m_a="1.000000" m_b="-0.000000" m_c="0.000000" m_d="1.000000" m_tx="-0.000015" m_ty="-350.000000"/>
  </frame>
  <frame idx="200" w="412" h="640" x="0.000015" y="-350.000031">
   <element name="image" layername="CultAur" frame="5" z_index="4" m_a="1.000000" m_b="-0.000000" m_c="0.000000" m_d="1.000000" m_tx="-0.000015" m_ty="-350.000000"/>
   <element name="image" layername="CultAura5" frame="0" z_index="3" m_a="1.000000" m_b="-0.000000" m_c="0.000000" m_d="1.000000" m_tx="-0.000015" m_ty="-350.000000"/>
  </frame>
  <frame idx="225" w="412" h="640" x="0.000015" y="-350.000031">
   <element name="image" layername="CultAur" frame="5" z_index="4" m_a="1.000000" m_b="-0.000000" m_c="0.000000" m_d="1.000000" m_tx="-0.000015" m_ty="-350.000000"/>
   <element name="image" layername="CultAura5" frame="0" z_index="3" m_a="1.000000" m_b="-0.000000" m_c="0.000000" m_d="1.000000" m_tx="-0.000015" m_ty="-350.000000"/>
  </frame>
  <frame idx="250" w="412" h="640" x="0.000015" y="-350.000031">
   <element name="image" layername="CultAur" frame="5" z_index="4" m_a="1.000000" m_b="-0.000000" m_c="0.000000" m_d="1.000000" m_tx="-0.000015" m_ty="-350.000000"/>
   <element name="image" layername="CultAura5" frame="0" z_index="3" m_a="1.000000" m_b="-0.000000" m_c="0.000000" m_d="1.000000" m_tx="-0.000015" m_ty="-350.000000"/>
  </frame>
  <frame idx="275" w="412" h="640" x="0.000015" y="-350.000031">
   <element name="image" layername="CultAur" frame="5" z_index="4" m_a="1.000000" m_b="-0.000000" m_c="0.000000" m_d="1.000000" m_tx="-0.000015" m_ty="-350.000000"/>
   <element name="image" layername="CultAura5" frame="0" z_index="3" m_a="1.000000" m_b="-0.000000" m_c="0.000000" m_d="1.000000" m_tx="-0.000015" m_ty="-350.000000"/>
  </frame>
  <frame idx="300" w="412" h="640" x="0.000015" y="-350.000031">
   <element name="image" layername="CultAur" frame="5" z_index="4" m_a="1.000000" m_b="-0.000000" m_c="0.000000" m_d="1.000000" m_tx="-0.000015" m_ty="-350.000000"/>
   <element name="image" layername="CultAura5" frame="0" z_index="3" m_a="1.000000" m_b="-0.000000" m_c="0.000000" m_d="1.000000" m_tx="-0.000015" m_ty="-350.000000"/>
  </frame>
  <frame idx="325" w="412" h="640" x="0.000015" y="-350.000031">
   <element name="image" layername="CultAur" frame="5" z_index="4" m_a="1.000000" m_b="-0.000000" m_c="0.000000" m_d="1.000000" m_tx="-0.000015" m_ty="-350.000000"/>
   <element name="image" layername="CultAura5" frame="0" z_index="3" m_a="1.000000" m_b="-0.000000" m_c="0.000000" m_d="1.000000" m_tx="-0.000015" m_ty="-350.000000"/>
  </frame>
  <frame idx="350" w="412" h="640" x="0.000015" y="-350.000031">
   <element name="image" layername="CultAur" frame="5" z_index="4" m_a="1.000000" m_b="-0.000000" m_c="0.000000" m_d="1.000000" m_tx="-0.000015" m_ty="-350.000000"/>
   <element name="image" layername="CultAura5" frame="0" z_index="3" m_a="1.000000" m_b="-0.000000" m_c="0.000000" m_d="1.000000" m_tx="-0.000015" m_ty="-350.000000"/>
  </frame>
  <frame idx="375" w="412" h="640" x="0.000015" y="-350.000031">
   <element name="image" layername="CultAur" frame="5" z_index="4" m_a="1.000000" m_b="-0.000000" m_c="0.000000" m_d="1.000000" m_tx="-0.000015" m_ty="-350.000000"/>
   <element name="image" layername="CultAura5" frame="0" z_index="3" m_a="1.000000" m_b="-0.000000" m_c="0.000000" m_d="1.000000" m_tx="-0.000015" m_ty="-350.000000"/>
  </frame>
  <frame idx="400" w="412" h="640" x="0.000015" y="-350.000031">
   <element name="image" layername="CultAur" frame="5" z_index="4" m_a="1.000000" m_b="-0.000000" m_c="0.000000" m_d="1.000000" m_tx="-0.000015" m_ty="-350.000000"/>
   <element name="image" layername="CultAura5" frame="0" z_index="3" m_a="1.000000" m_b="-0.000000" m_c="0.000000" m_d="1.000000" m_tx="-0.000015" m_ty="-350.000000"/>
  </frame>
  <frame idx="425" w="412" h="640" x="0.000015" y="-350.000031">
   <element name="image" layername="CultAur" frame="5" z_index="4" m_a="1.000000" m_b="-0.000000" m_c="0.000000" m_d="1.000000" m_tx="-0.000015" m_ty="-350.000000"/>
   <element name="image" layername="CultAura5" frame="0" z_index="3" m_a="1.000000" m_b="-0.000000" m_c="0.000000" m_d="1.000000" m_tx="-0.000015" m_ty="-350.000000"/>
  </frame>
  <frame idx="450" w="412" h="640" x="0.000015" y="-350.000031">
   <element name="image" layername="CultAur" frame="5" z_index="4" m_a="1.000000" m_b="-0.000000" m_c="0.000000" m_d="1.000000" m_tx="-0.000015" m_ty="-350.000000"/>
   <element name="image" layername="CultAura5" frame="0" z_index="3" m_a="1.000000" m_b="-0.000000" m_c="0.000000" m_d="1.000000" m_tx="-0.000015" m_ty="-350.000000"/>
  </frame>
  <frame idx="475" w="412" h="640" x="0.000015" y="-350.000031">
   <element name="image" layername="CultAur" frame="5" z_index="4" m_a="1.000000" m_b="-0.000000" m_c="0.000000" m_d="1.000000" m_tx="-0.000015" m_ty="-350.000000"/>
   <element name="image" layername="CultAura5" frame="0" z_index="3" m_a="1.000000" m_b="-0.000000" m_c="0.000000" m_d="1.000000" m_tx="-0.000015" m_ty="-350.000000"/>
  </frame>
  <frame idx="500" w="412" h="640" x="0.000015" y="-350.000031">
   <element name="image" layername="CultAur" frame="5" z_index="4" m_a="1.000000" m_b="-0.000000" m_c="0.000000" m_d="1.000000" m_tx="-0.000015" m_ty="-350.000000"/>
   <element name="image" layername="CultAura5" frame="1" z_index="3" m_a="1.000000" m_b="-0.000000" m_c="0.000000" m_d="1.000000" m_tx="-0.000015" m_ty="-350.000000"/>
  </frame>
  <frame idx="525" w="413" h="641" x="1.137863" y="-348.955688">
   <element name="image" layername="CultAur" frame="5" z_index="4" m_a="1.000000" m_b="-0.000000" m_c="0.000000" m_d="1.000000" m_tx="-0.000015" m_ty="-350.000000"/>
   <element name="image" layername="CultAura5" frame="1" z_index="3" m_a="1.008829" m_b="-0.000000" m_c="0.000000" m_d="1.013547" m_tx="-0.000015" m_ty="-350.000000"/>
  </frame>
  <frame idx="550" w="415" h="643" x="3.293411" y="-346.884308">
   <element name="image" layername="CultAur" frame="5" z_index="4" m_a="1.000000" m_b="-0.000000" m_c="0.000000" m_d="1.000000" m_tx="-0.000015" m_ty="-350.000000"/>
   <element name="image" layername="CultAura5" frame="2" z_index="3" m_a="1.017659" m_b="-0.000000" m_c="0.000000" m_d="1.027093" m_tx="-0.000015" m_ty="-350.000000"/>
  </frame>
  <frame idx="575" w="416" h="644" x="4.940262" y="-345.326447">
   <element name="image" layername="CultAur" frame="5" z_index="4" m_a="1.000000" m_b="-0.000000" m_c="0.000000" m_d="1.000000" m_tx="-0.000015" m_ty="-350.000000"/>
   <element name="image" layername="CultAura5" frame="3" z_index="3" m_a="1.026489" m_b="-0.000000" m_c="0.000000" m_d="1.040640" m_tx="-0.000015" m_ty="-350.000000"/>
  </frame>
  <frame idx="600" w="418" h="646" x="6.586929" y="-343.768524">
   <element name="image" layername="CultAur" frame="5" z_index="4" m_a="1.000000" m_b="-0.000000" m_c="0.000000" m_d="1.000000" m_tx="-0.000015" m_ty="-350.000000"/>
   <element name="image" layername="CultAura5" frame="3" z_index="3" m_a="1.035319" m_b="-0.000000" m_c="0.000000" m_d="1.054187" m_tx="-0.000015" m_ty="-350.000000"/>
  </frame>
  <frame idx="625" w="421" h="647" x="8.233810" y="-342.210632">
   <element name="image" layername="CultAur" frame="5" z_index="4" m_a="1.000000" m_b="-0.000000" m_c="0.000000" m_d="1.000000" m_tx="-0.000015" m_ty="-350.000000"/>
   <element name="image" layername="CultAura5" frame="3" z_index="3" m_a="1.044149" m_b="-0.000000" m_c="0.000000" m_d="1.067734" m_tx="-0.000015" m_ty="-350.000000"/>
  </frame>
  <frame idx="650" w="421" h="648" x="8.880692" y="-341.606750">
   <element name="image" layername="CultAur" frame="5" z_index="4" m_a="1.000000" m_b="-0.000000" m_c="0.000000" m_d="1.000000" m_tx="-0.000015" m_ty="-350.000000"/>
   <element name="image" layername="CultAura5" frame="3" z_index="3" m_a="1.047618" m_b="-0.000000" m_c="0.000000" m_d="1.072985" m_tx="-0.000015" m_ty="-350.000000"/>
  </frame>
  <frame idx="675" w="421" h="648" x="8.604477" y="-341.883453">
   <element name="image" layername="CultAur" frame="5" z_index="4" m_a="1.000000" m_b="-0.000000" m_c="0.000000" m_d="1.000000" m_tx="-0.000015" m_ty="-350.000000"/>
   <element name="image" layername="CultAura5" frame="3" z_index="3" m_a="1.046136" m_b="-0.000000" m_c="0.000000" m_d="1.070579" m_tx="-0.000015" m_ty="-350.000000"/>
  </frame>
  <frame idx="700" w="421" h="647" x="8.328262" y="-342.160126">
   <element name="image" layername="CultAur" frame="5" z_index="4" m_a="1.000000" m_b="-0.000000" m_c="0.000000" m_d="1.000000" m_tx="-0.000015" m_ty="-350.000000"/>
   <element name="image" layername="CultAura5" frame="3" z_index="3" m_a="1.044655" m_b="-0.000000" m_c="0.000000" m_d="1.068173" m_tx="-0.000015" m_ty="-350.000000"/>
  </frame>
  <frame idx="725" w="421" h="647" x="8.052017" y="-342.436829">
   <element name="image" layername="CultAur" frame="5" z_index="4" m_a="1.000000" m_b="-0.000000" m_c="0.000000" m_d="1.000000" m_tx="-0.000015" m_ty="-350.000000"/>
   <element name="image" layername="CultAura5" frame="3" z_index="3" m_a="1.043174" m_b="-0.000000" m_c="0.000000" m_d="1.065767" m_tx="-0.000015" m_ty="-350.000000"/>
  </frame>
  <frame idx="750" w="420" h="647" x="7.775772" y="-342.713501">
   <element name="image" layername="CultAur" frame="5" z_index="4" m_a="1.000000" m_b="-0.000000" m_c="0.000000" m_d="1.000000" m_tx="-0.000015" m_ty="-350.000000"/>
   <element name="image" layername="CultAura5" frame="3" z_index="3" m_a="1.041693" m_b="-0.000000" m_c="0.000000" m_d="1.063361" m_tx="-0.000015" m_ty="-350.000000"/>
  </frame>
  <frame idx="775" w="420" h="647" x="7.499557" y="-342.990173">
   <element name="image" layername="CultAur" frame="5" z_index="4" m_a="1.000000" m_b="-0.000000" m_c="0.000000" m_d="1.000000" m_tx="-0.000015" m_ty="-350.000000"/>
   <element name="image" layername="CultAura5" frame="3" z_index="3" m_a="1.040212" m_b="-0.000000" m_c="0.000000" m_d="1.060955" m_tx="-0.000015" m_ty="-350.000000"/>
  </frame>
  <frame idx="800" w="420" h="646" x="7.223312" y="-343.266846">
   <element name="image" layername="CultAur" frame="5" z_index="4" m_a="1.000000" m_b="-0.000000" m_c="0.000000" m_d="1.000000" m_tx="-0.000015" m_ty="-350.000000"/>
   <element name="image" layername="CultAura5" frame="2" z_index="3" m_a="1.038731" m_b="-0.000000" m_c="0.000000" m_d="1.058549" m_tx="-0.000015" m_ty="-350.000000"/>
  </frame>
  <frame idx="825" w="418" h="646" x="6.947037" y="-343.543549">
   <element name="image" layername="CultAur" frame="5" z_index="4" m_a="1.000000" m_b="-0.000000" m_c="0.000000" m_d="1.000000" m_tx="-0.000015" m_ty="-350.000000"/>
   <element name="image" layername="CultAura5" frame="2" z_index="3" m_a="1.037250" m_b="-0.000000" m_c="0.000000" m_d="1.056143" m_tx="-0.000015" m_ty="-350.000000"/>
  </frame>
  <frame idx="850" w="418" h="645" x="6.135056" y="-344.373962">
   <element name="image" layername="CultAur" frame="5" z_index="4" m_a="1.000000" m_b="-0.000000" m_c="0.000000" m_d="1.000000" m_tx="-0.000015" m_ty="-350.000000"/>
   <element name="image" layername="CultAura5" frame="1" z_index="3" m_a="1.035769" m_b="-0.000000" m_c="0.000000" m_d="1.053737" m_tx="-0.000015" m_ty="-350.000000"/>
  </frame>
  <frame idx="875" w="417" h="645" x="5.860306" y="-344.648254">
   <element name="image" layername="CultAur" frame="5" z_index="4" m_a="1.000000" m_b="-0.000000" m_c="0.000000" m_d="1.000000" m_tx="-0.000015" m_ty="-350.000000"/>
   <element name="image" layername="CultAura5" frame="1" z_index="3" m_a="1.034287" m_b="-0.000000" m_c="0.000000" m_d="1.051332" m_tx="-0.000015" m_ty="-350.000000"/>
  </frame>
  <frame idx="900" w="417" h="645" x="5.585556" y="-344.922516">
   <element name="image" layername="CultAur" frame="5" z_index="4" m_a="1.000000" m_b="-0.000000" m_c="0.000000" m_d="1.000000" m_tx="-0.000015" m_ty="-350.000000"/>
   <element name="image" layername="CultAura5" frame="0" z_index="3" m_a="1.032806" m_b="-0.000000" m_c="0.000000" m_d="1.048926" m_tx="-0.000015" m_ty="-350.000000"/>
  </frame>
  <frame idx="925" w="417" h="644" x="5.310806" y="-345.196777">
   <element name="image" layername="CultAur" frame="5" z_index="4" m_a="1.000000" m_b="-0.000000" m_c="0.000000" m_d="1.000000" m_tx="-0.000015" m_ty="-350.000000"/>
   <element name="image" layername="CultAura5" frame="0" z_index="3" m_a="1.031325" m_b="-0.000000" m_c="0.000000" m_d="1.046520" m_tx="-0.000015" m_ty="-350.000000"/>
  </frame>
  <frame idx="950" w="417" h="644" x="5.036026" y="-345.471100">
   <element name="image" layername="CultAur" frame="5" z_index="4" m_a="1.000000" m_b="-0.000000" m_c="0.000000" m_d="1.000000" m_tx="-0.000015" m_ty="-350.000000"/>
   <element name="image" layername="CultAura5" frame="0" z_index="3" m_a="1.029844" m_b="-0.000000" m_c="0.000000" m_d="1.044114" m_tx="-0.000015" m_ty="-350.000000"/>
  </frame>
  <frame idx="975" w="416" h="644" x="4.761246" y="-345.745392">
   <element name="image" layername="CultAur" frame="5" z_index="4" m_a="1.000000" m_b="-0.000000" m_c="0.000000" m_d="1.000000" m_tx="-0.000015" m_ty="-350.000000"/>
   <element name="image" layername="CultAura5" frame="0" z_index="3" m_a="1.028363" m_b="-0.000000" m_c="0.000000" m_d="1.041707" m_tx="-0.000015" m_ty="-350.000000"/>
  </frame>
 </anim>
 <anim name="idle_fast" root="cultaura" numframes="300" framerate="40">
  <frame idx="0" w="412" h="640" x="0.000015" y="-350.000031">
   <element name="image" layername="CultAur" frame="5" z_index="4" m_a="1.000000" m_b="-0.000000" m_c="0.000000" m_d="1.000000" m_tx="-0.000015" m_ty="-350.000000"/>
   <element name="image" layername="CultAura5" frame="0" z_index="3" m_a="1.000000" m_b="-0.000000" m_c="0.000000" m_d="1.000000" m_tx="-0.000015" m_ty="-350.000000"/>
  </frame>
  <frame idx="25" w="412" h="640" x="0.000015" y="-350.000031">
   <element name="image" layername="CultAur" frame="5" z_index="4" m_a="1.000000" m_b="-0.000000" m_c="0.000000" m_d="1.000000" m_tx="-0.000015" m_ty="-350.000000"/>
   <element name="image" layername="CultAura5" frame="0" z_index="3" m_a="1.000000" m_b="-0.000000" m_c="0.000000" m_d="1.000000" m_tx="-0.000015" m_ty="-350.000000"/>
  </frame>
  <frame idx="50" w="412" h="640" x="0.000015" y="-350.000031">
   <element name="image" layername="CultAur" frame="5" z_index="4" m_a="1.000000" m_b="-0.000000" m_c="0.000000" m_d="1.000000" m_tx="-0.000015" m_ty="-350.000000"/>
   <element name="image" layername="CultAura5" frame="0" z_index="3" m_a="1.000000" m_b="-0.000000" m_c="0.000000" m_d="1.000000" m_tx="-0.000015" m_ty="-350.000000"/>
  </frame>
  <frame idx="75" w="412" h="640" x="0.000015" y="-350.000031">
   <element name="image" layername="CultAur" frame="5" z_index="4" m_a="1.000000" m_b="-0.000000" m_c="0.000000" m_d="1.000000" m_tx="-0.000015" m_ty="-350.000000"/>
   <element name="image" layername="CultAura5" frame="0" z_index="3" m_a="1.000000" m_b="-0.000000" m_c="0.000000" m_d="1.000000" m_tx="-0.000015" m_ty="-350.000000"/>
  </frame>
  <frame idx="100" w="412" h="640" x="0.000015" y="-350.000031">
   <element name="image" layername="CultAur" frame="5" z_index="4" m_a="1.000000" m_b="-0.000000" m_c="0.000000" m_d="1.000000" m_tx="-0.000015" m_ty="-350.000000"/>
   <element name="image" layername="CultAura5" frame="0" z_index="3" m_a="1.000000" m_b="-0.000000" m_c="0.000000" m_d="1.000000" m_tx="-0.000015" m_ty="-350.000000"/>
  </frame>
  <frame idx="125" w="412" h="640" x="0.000015" y="-350.000031">
   <element name="image" layername="CultAur" frame="5" z_index="4" m_a="1.000000" m_b="-0.000000" m_c="0.000000" m_d="1.000000" m_tx="-0.000015" m_ty="-350.000000"/>
   <element name="image" layername="CultAura5" frame="0" z_index="3" m_a="1.000000" m_b="-0.000000" m_c="0.000000" m_d="1.000000" m_tx="-0.000015" m_ty="-350.000000"/>
  </frame>
  <frame idx="150" w="412" h="640" x="0.000015" y="-350.000031">
   <element name="image" layername="CultAur" frame="5" z_index="4" m_a="1.000000" m_b="-0.000000" m_c="0.000000" m_d="1.000000" m_tx="-0.000015" m_ty="-350.000000"/>
   <element name="image" layername="CultAura5" frame="1" z_index="3" m_a="1.000000" m_b="-0.000000" m_c="0.000000" m_d="1.000000" m_tx="-0.000015" m_ty="-350.000000"/>
  </frame>
  <frame idx="175" w="417" h="645" x="5.566025" y="-344.734436">
   <element name="image" layername="CultAur" frame="5" z_index="4" m_a="1.000000" m_b="-0.000000" m_c="0.000000" m_d="1.000000" m_tx="-0.000015" m_ty="-350.000000"/>
   <element name="image" layername="CultAura5" frame="3" z_index="3" m_a="1.029845" m_b="-0.000000" m_c="0.000000" m_d="1.045788" m_tx="-0.000015" m_ty="-350.000000"/>
  </frame>
  <frame idx="200" w="421" h="648" x="8.663406" y="-341.824432">
   <element name="image" layername="CultAur" frame="5" z_index="4" m_a="1.000000" m_b="-0.000000" m_c="0.000000" m_d="1.000000" m_tx="-0.000015" m_ty="-350.000000"/>
   <element name="image" layername="CultAura5" frame="3" z_index="3" m_a="1.046453" m_b="-0.000000" m_c="0.000000" m_d="1.071092" m_tx="-0.000015" m_ty="-350.000000"/>
  </frame>
  <frame idx="225" w="420" h="647" x="7.761063" y="-342.728271">
   <element name="image" layername="CultAur" frame="5" z_index="4" m_a="1.000000" m_b="-0.000000" m_c="0.000000" m_d="1.000000" m_tx="-0.000015" m_ty="-350.000000"/>
   <element name="image" layername="CultAura5" frame="3" z_index="3" m_a="1.041614" m_b="-0.000000" m_c="0.000000" m_d="1.063233" m_tx="-0.000015" m_ty="-350.000000"/>
  </frame>
  <frame idx="250" w="418" h="645" x="6.299911" y="-344.209412">
   <element name="image" layername="CultAur" frame="5" z_index="4" m_a="1.000000" m_b="-0.000000" m_c="0.000000" m_d="1.000000" m_tx="-0.000015" m_ty="-350.000000"/>
   <element name="image" layername="CultAura5" frame="1" z_index="3" m_a="1.036657" m_b="-0.000000" m_c="0.000000" m_d="1.055181" m_tx="-0.000015" m_ty="-350.000000"/>
  </frame>
  <frame idx="275" w="417" h="644" x="5.388290" y="-345.119446">
   <element name="image" layername="CultAur" frame="5" z_index="4" m_a="1.000000" m_b="-0.000000" m_c="0.000000" m_d="1.000000" m_tx="-0.000015" m_ty="-350.000000"/>
   <element name="image" layername="CultAura5" frame="0" z_index="3" m_a="1.031743" m_b="-0.000000" m_c="0.000000" m_d="1.047198" m_tx="-0.000015" m_ty="-350.000000"/>
  </frame>
 </anim>
</Anims>
