<Anims>
 <anim name="BUILD" root="swap_deliever_arms" numframes="1000" framerate="40">
  <frame idx="0" w="502" h="306" x="-198.979340" y="-107.305153">
   <element name="swap_deliever_arms" layername="Arm" frame="0" z_index="1" m_a="0.182453" m_b="0.983215" m_c="-0.983215" m_d="0.182453" m_tx="-45.000000" m_ty="4.000000"/>
  </frame>
  <frame idx="25" w="502" h="306" x="-198.979340" y="-107.305153">
   <element name="swap_deliever_arms" layername="Arm" frame="0" z_index="1" m_a="0.182453" m_b="0.983215" m_c="-0.983215" m_d="0.182453" m_tx="-45.000000" m_ty="4.000000"/>
  </frame>
  <frame idx="50" w="502" h="306" x="-198.979340" y="-107.305153">
   <element name="swap_deliever_arms" layername="Arm" frame="0" z_index="1" m_a="0.182453" m_b="0.983215" m_c="-0.983215" m_d="0.182453" m_tx="-45.000000" m_ty="4.000000"/>
  </frame>
  <frame idx="75" w="502" h="306" x="-198.979340" y="-107.305153">
   <element name="swap_deliever_arms" layername="Arm" frame="0" z_index="1" m_a="0.182453" m_b="0.983215" m_c="-0.983215" m_d="0.182453" m_tx="-45.000000" m_ty="4.000000"/>
  </frame>
  <frame idx="100" w="502" h="306" x="-198.979340" y="-107.305153">
   <element name="swap_deliever_arms" layername="Arm" frame="0" z_index="1" m_a="0.182453" m_b="0.983215" m_c="-0.983215" m_d="0.182453" m_tx="-45.000000" m_ty="4.000000"/>
  </frame>
  <frame idx="125" w="502" h="306" x="-198.979340" y="-107.305153">
   <element name="swap_deliever_arms" layername="Arm" frame="0" z_index="1" m_a="0.182453" m_b="0.983215" m_c="-0.983215" m_d="0.182453" m_tx="-45.000000" m_ty="4.000000"/>
  </frame>
  <frame idx="150" w="502" h="306" x="-198.979340" y="-107.305153">
   <element name="swap_deliever_arms" layername="Arm" frame="0" z_index="1" m_a="0.182453" m_b="0.983215" m_c="-0.983215" m_d="0.182453" m_tx="-45.000000" m_ty="4.000000"/>
  </frame>
  <frame idx="175" w="502" h="306" x="-198.979340" y="-107.305153">
   <element name="swap_deliever_arms" layername="Arm" frame="0" z_index="1" m_a="0.182453" m_b="0.983215" m_c="-0.983215" m_d="0.182453" m_tx="-45.000000" m_ty="4.000000"/>
  </frame>
  <frame idx="200" w="502" h="306" x="-198.979340" y="-107.305153">
   <element name="swap_deliever_arms" layername="Arm" frame="0" z_index="1" m_a="0.182453" m_b="0.983215" m_c="-0.983215" m_d="0.182453" m_tx="-45.000000" m_ty="4.000000"/>
  </frame>
  <frame idx="225" w="502" h="306" x="-198.979340" y="-107.305153">
   <element name="swap_deliever_arms" layername="Arm" frame="0" z_index="1" m_a="0.182453" m_b="0.983215" m_c="-0.983215" m_d="0.182453" m_tx="-45.000000" m_ty="4.000000"/>
  </frame>
  <frame idx="250" w="502" h="306" x="-198.979340" y="-107.305153">
   <element name="swap_deliever_arms" layername="Arm" frame="0" z_index="1" m_a="0.182453" m_b="0.983215" m_c="-0.983215" m_d="0.182453" m_tx="-45.000000" m_ty="4.000000"/>
  </frame>
  <frame idx="275" w="502" h="306" x="-198.979340" y="-107.305153">
   <element name="swap_deliever_arms" layername="Arm" frame="0" z_index="1" m_a="0.182453" m_b="0.983215" m_c="-0.983215" m_d="0.182453" m_tx="-45.000000" m_ty="4.000000"/>
  </frame>
  <frame idx="300" w="502" h="306" x="-198.979340" y="-107.305153">
   <element name="swap_deliever_arms" layername="Arm" frame="0" z_index="1" m_a="0.182453" m_b="0.983215" m_c="-0.983215" m_d="0.182453" m_tx="-45.000000" m_ty="4.000000"/>
  </frame>
  <frame idx="325" w="502" h="306" x="-198.979340" y="-107.305153">
   <element name="swap_deliever_arms" layername="Arm" frame="0" z_index="1" m_a="0.182453" m_b="0.983215" m_c="-0.983215" m_d="0.182453" m_tx="-45.000000" m_ty="4.000000"/>
  </frame>
  <frame idx="350" w="502" h="306" x="-198.979340" y="-107.305153">
   <element name="swap_deliever_arms" layername="Arm" frame="0" z_index="1" m_a="0.182453" m_b="0.983215" m_c="-0.983215" m_d="0.182453" m_tx="-45.000000" m_ty="4.000000"/>
  </frame>
  <frame idx="375" w="502" h="306" x="-198.979340" y="-107.305153">
   <element name="swap_deliever_arms" layername="Arm" frame="0" z_index="1" m_a="0.182453" m_b="0.983215" m_c="-0.983215" m_d="0.182453" m_tx="-45.000000" m_ty="4.000000"/>
  </frame>
  <frame idx="400" w="502" h="306" x="-198.979340" y="-107.305153">
   <element name="swap_deliever_arms" layername="Arm" frame="0" z_index="1" m_a="0.182453" m_b="0.983215" m_c="-0.983215" m_d="0.182453" m_tx="-45.000000" m_ty="4.000000"/>
  </frame>
  <frame idx="425" w="502" h="306" x="-198.979340" y="-107.305153">
   <element name="swap_deliever_arms" layername="Arm" frame="0" z_index="1" m_a="0.182453" m_b="0.983215" m_c="-0.983215" m_d="0.182453" m_tx="-45.000000" m_ty="4.000000"/>
  </frame>
  <frame idx="450" w="502" h="306" x="-198.979340" y="-107.305153">
   <element name="swap_deliever_arms" layername="Arm" frame="0" z_index="1" m_a="0.182453" m_b="0.983215" m_c="-0.983215" m_d="0.182453" m_tx="-45.000000" m_ty="4.000000"/>
  </frame>
  <frame idx="475" w="502" h="306" x="-198.979340" y="-107.305153">
   <element name="swap_deliever_arms" layername="Arm" frame="0" z_index="1" m_a="0.182453" m_b="0.983215" m_c="-0.983215" m_d="0.182453" m_tx="-45.000000" m_ty="4.000000"/>
  </frame>
  <frame idx="500" w="502" h="306" x="-198.979340" y="-107.305153">
   <element name="swap_deliever_arms" layername="Arm" frame="0" z_index="1" m_a="0.182453" m_b="0.983215" m_c="-0.983215" m_d="0.182453" m_tx="-45.000000" m_ty="4.000000"/>
  </frame>
  <frame idx="525" w="502" h="306" x="-198.979340" y="-107.305153">
   <element name="swap_deliever_arms" layername="Arm" frame="0" z_index="1" m_a="0.182453" m_b="0.983215" m_c="-0.983215" m_d="0.182453" m_tx="-45.000000" m_ty="4.000000"/>
  </frame>
  <frame idx="550" w="502" h="306" x="-198.979340" y="-107.305153">
   <element name="swap_deliever_arms" layername="Arm" frame="0" z_index="1" m_a="0.182453" m_b="0.983215" m_c="-0.983215" m_d="0.182453" m_tx="-45.000000" m_ty="4.000000"/>
  </frame>
  <frame idx="575" w="502" h="306" x="-198.979340" y="-107.305153">
   <element name="swap_deliever_arms" layername="Arm" frame="0" z_index="1" m_a="0.182453" m_b="0.983215" m_c="-0.983215" m_d="0.182453" m_tx="-45.000000" m_ty="4.000000"/>
  </frame>
  <frame idx="600" w="502" h="306" x="-198.979340" y="-107.305153">
   <element name="swap_deliever_arms" layername="Arm" frame="0" z_index="1" m_a="0.182453" m_b="0.983215" m_c="-0.983215" m_d="0.182453" m_tx="-45.000000" m_ty="4.000000"/>
  </frame>
  <frame idx="625" w="502" h="306" x="-198.979340" y="-107.305153">
   <element name="swap_deliever_arms" layername="Arm" frame="0" z_index="1" m_a="0.182453" m_b="0.983215" m_c="-0.983215" m_d="0.182453" m_tx="-45.000000" m_ty="4.000000"/>
  </frame>
  <frame idx="650" w="502" h="306" x="-198.979340" y="-107.305153">
   <element name="swap_deliever_arms" layername="Arm" frame="0" z_index="1" m_a="0.182453" m_b="0.983215" m_c="-0.983215" m_d="0.182453" m_tx="-45.000000" m_ty="4.000000"/>
  </frame>
  <frame idx="675" w="502" h="306" x="-198.979340" y="-107.305153">
   <element name="swap_deliever_arms" layername="Arm" frame="0" z_index="1" m_a="0.182453" m_b="0.983215" m_c="-0.983215" m_d="0.182453" m_tx="-45.000000" m_ty="4.000000"/>
  </frame>
  <frame idx="700" w="502" h="306" x="-198.979340" y="-107.305153">
   <element name="swap_deliever_arms" layername="Arm" frame="0" z_index="1" m_a="0.182453" m_b="0.983215" m_c="-0.983215" m_d="0.182453" m_tx="-45.000000" m_ty="4.000000"/>
  </frame>
  <frame idx="725" w="502" h="306" x="-198.979340" y="-107.305153">
   <element name="swap_deliever_arms" layername="Arm" frame="0" z_index="1" m_a="0.182453" m_b="0.983215" m_c="-0.983215" m_d="0.182453" m_tx="-45.000000" m_ty="4.000000"/>
  </frame>
  <frame idx="750" w="502" h="306" x="-198.979340" y="-107.305153">
   <element name="swap_deliever_arms" layername="Arm" frame="0" z_index="1" m_a="0.182453" m_b="0.983215" m_c="-0.983215" m_d="0.182453" m_tx="-45.000000" m_ty="4.000000"/>
  </frame>
  <frame idx="775" w="502" h="306" x="-198.979340" y="-107.305153">
   <element name="swap_deliever_arms" layername="Arm" frame="0" z_index="1" m_a="0.182453" m_b="0.983215" m_c="-0.983215" m_d="0.182453" m_tx="-45.000000" m_ty="4.000000"/>
  </frame>
  <frame idx="800" w="502" h="306" x="-198.979340" y="-107.305153">
   <element name="swap_deliever_arms" layername="Arm" frame="0" z_index="1" m_a="0.182453" m_b="0.983215" m_c="-0.983215" m_d="0.182453" m_tx="-45.000000" m_ty="4.000000"/>
  </frame>
  <frame idx="825" w="502" h="306" x="-198.979340" y="-107.305153">
   <element name="swap_deliever_arms" layername="Arm" frame="0" z_index="1" m_a="0.182453" m_b="0.983215" m_c="-0.983215" m_d="0.182453" m_tx="-45.000000" m_ty="4.000000"/>
  </frame>
  <frame idx="850" w="502" h="306" x="-198.979340" y="-107.305153">
   <element name="swap_deliever_arms" layername="Arm" frame="0" z_index="1" m_a="0.182453" m_b="0.983215" m_c="-0.983215" m_d="0.182453" m_tx="-45.000000" m_ty="4.000000"/>
  </frame>
  <frame idx="875" w="502" h="306" x="-198.979340" y="-107.305153">
   <element name="swap_deliever_arms" layername="Arm" frame="0" z_index="1" m_a="0.182453" m_b="0.983215" m_c="-0.983215" m_d="0.182453" m_tx="-45.000000" m_ty="4.000000"/>
  </frame>
  <frame idx="900" w="502" h="306" x="-198.979340" y="-107.305153">
   <element name="swap_deliever_arms" layername="Arm" frame="0" z_index="1" m_a="0.182453" m_b="0.983215" m_c="-0.983215" m_d="0.182453" m_tx="-45.000000" m_ty="4.000000"/>
  </frame>
  <frame idx="925" w="502" h="306" x="-198.979340" y="-107.305153">
   <element name="swap_deliever_arms" layername="Arm" frame="0" z_index="1" m_a="0.182453" m_b="0.983215" m_c="-0.983215" m_d="0.182453" m_tx="-45.000000" m_ty="4.000000"/>
  </frame>
  <frame idx="950" w="502" h="306" x="-198.979340" y="-107.305153">
   <element name="swap_deliever_arms" layername="Arm" frame="0" z_index="1" m_a="0.182453" m_b="0.983215" m_c="-0.983215" m_d="0.182453" m_tx="-45.000000" m_ty="4.000000"/>
  </frame>
  <frame idx="975" w="502" h="306" x="-198.979340" y="-107.305153">
   <element name="swap_deliever_arms" layername="Arm" frame="0" z_index="1" m_a="0.182453" m_b="0.983215" m_c="-0.983215" m_d="0.182453" m_tx="-45.000000" m_ty="4.000000"/>
  </frame>
 </anim>
</Anims>
