<Anims>
 <anim name="BUILD" root="axe" numframes="125" framerate="40">
  <frame idx="0" w="64" h="217" x="19.006294" y="-48.346718">
   <element name="swap_axe" layername="swap_axe" frame="0" z_index="1" m_a="1.000000" m_b="0.000000" m_c="0.000000" m_d="1.000000" m_tx="0.000000" m_ty="0.000000"/>
  </frame>
  <frame idx="25" w="64" h="217" x="19.006294" y="-48.346718">
   <element name="swap_axe" layername="swap_axe" frame="0" z_index="1" m_a="1.000000" m_b="0.000000" m_c="0.000000" m_d="1.000000" m_tx="0.000000" m_ty="0.000000"/>
  </frame>
  <frame idx="50" w="64" h="217" x="19.006294" y="-48.346718">
   <element name="swap_axe" layername="swap_axe" frame="0" z_index="1" m_a="1.000000" m_b="0.000000" m_c="0.000000" m_d="1.000000" m_tx="0.000000" m_ty="0.000000"/>
  </frame>
  <frame idx="75" w="64" h="217" x="19.006294" y="-48.346718">
   <element name="swap_axe" layername="swap_axe" frame="0" z_index="1" m_a="1.000000" m_b="0.000000" m_c="0.000000" m_d="1.000000" m_tx="0.000000" m_ty="0.000000"/>
  </frame>
  <frame idx="100" w="64" h="217" x="19.006294" y="-48.346718">
   <element name="swap_axe" layername="swap_axe" frame="0" z_index="1" m_a="1.000000" m_b="0.000000" m_c="0.000000" m_d="1.000000" m_tx="0.000000" m_ty="0.000000"/>
  </frame>
 </anim>
</Anims>
