<Anims>
 <anim name="idle" root="poopfood_cl" numframes="1000" framerate="40">
  <frame idx="0" w="162" h="152" x="-8.296021" y="-35.586674">
   <element name="image" layername="PoopFood" frame="0" z_index="3" m_a="1.000000" m_b="0.000000" m_c="0.000000" m_d="1.000000" m_tx="0.000000" m_ty="0.000000"/>
   <element name="image" layername="Fry" frame="1" z_index="2" m_a="1.000000" m_b="0.000000" m_c="0.000000" m_d="1.000000" m_tx="-67.830109" m_ty="-78.773346"/>
   <element name="image" layername="Fry" frame="1" z_index="1" m_a="-1.000000" m_b="0.000000" m_c="0.000000" m_d="1.000000" m_tx="70.238060" m_ty="-64.246925"/>
  </frame>
  <frame idx="25" w="150" h="150" x="-6.941994" y="-34.618698">
   <element name="image" layername="PoopFood" frame="0" z_index="3" m_a="1.000000" m_b="0.000000" m_c="0.000000" m_d="1.000000" m_tx="0.000000" m_ty="0.000000"/>
   <element name="image" layername="Fry" frame="1" z_index="2" m_a="1.000000" m_b="0.000000" m_c="0.000000" m_d="1.000000" m_tx="-61.883984" m_ty="-76.837395"/>
   <element name="image" layername="Fry" frame="1" z_index="1" m_a="-1.000000" m_b="0.000000" m_c="0.000000" m_d="1.000000" m_tx="63.035179" m_ty="-66.471344"/>
  </frame>
  <frame idx="50" w="140" h="147" x="-3.968929" y="-33.650726">
   <element name="image" layername="PoopFood" frame="0" z_index="3" m_a="1.000000" m_b="0.000000" m_c="0.000000" m_d="1.000000" m_tx="0.000000" m_ty="0.000000"/>
   <element name="image" layername="Fry" frame="1" z_index="2" m_a="1.000000" m_b="0.000000" m_c="0.000000" m_d="1.000000" m_tx="-55.937859" m_ty="-74.901451"/>
   <element name="image" layername="Fry" frame="1" z_index="1" m_a="-1.000000" m_b="0.000000" m_c="0.000000" m_d="1.000000" m_tx="55.832298" m_ty="-68.695763"/>
  </frame>
  <frame idx="75" w="130" h="143" x="-0.995865" y="-32.682751">
   <element name="image" layername="PoopFood" frame="0" z_index="3" m_a="1.000000" m_b="0.000000" m_c="0.000000" m_d="1.000000" m_tx="0.000000" m_ty="0.000000"/>
   <element name="image" layername="Fry" frame="1" z_index="2" m_a="1.000000" m_b="0.000000" m_c="0.000000" m_d="1.000000" m_tx="-49.991730" m_ty="-72.965500"/>
   <element name="image" layername="Fry" frame="1" z_index="1" m_a="-1.000000" m_b="0.000000" m_c="0.000000" m_d="1.000000" m_tx="48.629417" m_ty="-70.920181"/>
  </frame>
  <frame idx="100" w="127" h="143" x="0.000000" y="-32.772301">
   <element name="image" layername="PoopFood" frame="0" z_index="3" m_a="1.000000" m_b="0.000000" m_c="0.000000" m_d="1.000000" m_tx="0.000000" m_ty="0.000000"/>
   <element name="image" layername="Fry" frame="1" z_index="2" m_a="1.000000" m_b="0.000000" m_c="0.000000" m_d="1.000000" m_tx="-44.045609" m_ty="-71.029556"/>
   <element name="image" layername="Fry" frame="1" z_index="1" m_a="-1.000000" m_b="0.000000" m_c="0.000000" m_d="1.000000" m_tx="41.426537" m_ty="-73.144600"/>
  </frame>
  <frame idx="125" w="127" h="147" x="0.000000" y="-33.884510">
   <element name="image" layername="PoopFood" frame="0" z_index="3" m_a="1.000000" m_b="0.000000" m_c="0.000000" m_d="1.000000" m_tx="0.000000" m_ty="0.000000"/>
   <element name="image" layername="Fry" frame="1" z_index="2" m_a="1.000000" m_b="0.000000" m_c="0.000000" m_d="1.000000" m_tx="-38.099480" m_ty="-69.093605"/>
   <element name="image" layername="Fry" frame="1" z_index="1" m_a="-1.000000" m_b="0.000000" m_c="0.000000" m_d="1.000000" m_tx="34.223656" m_ty="-75.369019"/>
  </frame>
  <frame idx="150" w="127" h="151" x="0.000000" y="-34.996723">
   <element name="image" layername="PoopFood" frame="0" z_index="3" m_a="1.000000" m_b="0.000000" m_c="0.000000" m_d="1.000000" m_tx="0.000000" m_ty="0.000000"/>
   <element name="image" layername="Fry" frame="1" z_index="2" m_a="1.000000" m_b="0.000000" m_c="0.000000" m_d="1.000000" m_tx="-32.153355" m_ty="-67.157661"/>
   <element name="image" layername="Fry" frame="1" z_index="1" m_a="-1.000000" m_b="0.000000" m_c="0.000000" m_d="1.000000" m_tx="27.020771" m_ty="-77.593445"/>
  </frame>
  <frame idx="175" w="127" h="154" x="0.000000" y="-36.108932">
   <element name="image" layername="PoopFood" frame="0" z_index="3" m_a="1.000000" m_b="0.000000" m_c="0.000000" m_d="1.000000" m_tx="0.000000" m_ty="0.000000"/>
   <element name="image" layername="Fry" frame="1" z_index="2" m_a="1.000000" m_b="0.000000" m_c="0.000000" m_d="1.000000" m_tx="-26.207230" m_ty="-65.221710"/>
   <element name="image" layername="Fry" frame="1" z_index="1" m_a="-1.000000" m_b="0.000000" m_c="0.000000" m_d="1.000000" m_tx="19.817894" m_ty="-79.817863"/>
  </frame>
  <frame idx="200" w="127" h="158" x="0.000000" y="-37.221142">
   <element name="image" layername="PoopFood" frame="0" z_index="3" m_a="1.000000" m_b="0.000000" m_c="0.000000" m_d="1.000000" m_tx="0.000000" m_ty="0.000000"/>
   <element name="image" layername="Fry" frame="1" z_index="2" m_a="1.000000" m_b="0.000000" m_c="0.000000" m_d="1.000000" m_tx="-20.261105" m_ty="-63.285767"/>
   <element name="image" layername="Fry" frame="1" z_index="1" m_a="-1.000000" m_b="0.000000" m_c="0.000000" m_d="1.000000" m_tx="12.615013" m_ty="-82.042282"/>
  </frame>
  <frame idx="225" w="127" h="162" x="0.000000" y="-38.333351">
   <element name="image" layername="PoopFood" frame="0" z_index="3" m_a="1.000000" m_b="0.000000" m_c="0.000000" m_d="1.000000" m_tx="0.000000" m_ty="0.000000"/>
   <element name="image" layername="Fry" frame="1" z_index="2" m_a="1.000000" m_b="0.000000" m_c="0.000000" m_d="1.000000" m_tx="-13.252811" m_ty="-61.496899"/>
   <element name="image" layername="Fry" frame="1" z_index="1" m_a="-1.000000" m_b="0.000000" m_c="0.000000" m_d="1.000000" m_tx="5.412132" m_ty="-84.266701"/>
  </frame>
  <frame idx="250" w="127" h="165" x="0.000000" y="-39.445560">
   <element name="image" layername="PoopFood" frame="0" z_index="3" m_a="1.000000" m_b="0.000000" m_c="0.000000" m_d="1.000000" m_tx="0.000000" m_ty="0.000000"/>
   <element name="image" layername="Fry" frame="1" z_index="2" m_a="1.000000" m_b="0.000000" m_c="0.000000" m_d="1.000000" m_tx="-6.152154" m_ty="-59.720821"/>
   <element name="image" layername="Fry" frame="1" z_index="1" m_a="-1.000000" m_b="0.000000" m_c="0.000000" m_d="1.000000" m_tx="-1.790749" m_ty="-86.491119"/>
  </frame>
  <frame idx="275" w="127" h="169" x="0.000000" y="-40.557770">
   <element name="image" layername="PoopFood" frame="0" z_index="3" m_a="1.000000" m_b="0.000000" m_c="0.000000" m_d="1.000000" m_tx="0.000000" m_ty="0.000000"/>
   <element name="image" layername="Fry" frame="1" z_index="2" m_a="1.000000" m_b="0.000000" m_c="0.000000" m_d="1.000000" m_tx="0.948503" m_ty="-57.944744"/>
   <element name="image" layername="Fry" frame="1" z_index="1" m_a="-1.000000" m_b="0.000000" m_c="0.000000" m_d="1.000000" m_tx="-8.993629" m_ty="-88.715538"/>
  </frame>
  <frame idx="300" w="127" h="171" x="0.000000" y="-40.947330">
   <element name="image" layername="PoopFood" frame="0" z_index="3" m_a="1.000000" m_b="0.000000" m_c="0.000000" m_d="1.000000" m_tx="0.000000" m_ty="0.000000"/>
   <element name="image" layername="Fry" frame="1" z_index="2" m_a="1.000000" m_b="0.000000" m_c="0.000000" m_d="1.000000" m_tx="8.049158" m_ty="-56.168663"/>
   <element name="image" layername="Fry" frame="1" z_index="1" m_a="-1.000000" m_b="0.000000" m_c="0.000000" m_d="1.000000" m_tx="-15.976852" m_ty="-89.494659"/>
  </frame>
  <frame idx="325" w="127" h="169" x="0.000000" y="-40.417160">
   <element name="image" layername="PoopFood" frame="0" z_index="3" m_a="1.000000" m_b="0.000000" m_c="0.000000" m_d="1.000000" m_tx="0.000000" m_ty="0.000000"/>
   <element name="image" layername="Fry" frame="1" z_index="2" m_a="1.000000" m_b="0.000000" m_c="0.000000" m_d="1.000000" m_tx="15.586382" m_ty="-54.921062"/>
   <element name="image" layername="Fry" frame="1" z_index="1" m_a="-1.000000" m_b="0.000000" m_c="0.000000" m_d="1.000000" m_tx="-22.680504" m_ty="-88.434319"/>
  </frame>
  <frame idx="350" w="128" h="167" x="-0.192078" y="-39.886986">
   <element name="image" layername="PoopFood" frame="0" z_index="3" m_a="1.000000" m_b="0.000000" m_c="0.000000" m_d="1.000000" m_tx="0.000000" m_ty="0.000000"/>
   <element name="image" layername="Fry" frame="1" z_index="2" m_a="1.000000" m_b="0.000000" m_c="0.000000" m_d="1.000000" m_tx="26.325083" m_ty="-57.548931"/>
   <element name="image" layername="Fry" frame="1" z_index="1" m_a="-1.000000" m_b="0.000000" m_c="0.000000" m_d="1.000000" m_tx="-29.384153" m_ty="-87.373970"/>
  </frame>
  <frame idx="375" w="139" h="165" x="-3.543900" y="-39.356815">
   <element name="image" layername="PoopFood" frame="0" z_index="3" m_a="1.000000" m_b="0.000000" m_c="0.000000" m_d="1.000000" m_tx="0.000000" m_ty="0.000000"/>
   <element name="image" layername="Fry" frame="1" z_index="2" m_a="1.000000" m_b="0.000000" m_c="0.000000" m_d="1.000000" m_tx="37.063782" m_ty="-60.176796"/>
   <element name="image" layername="Fry" frame="1" z_index="1" m_a="-1.000000" m_b="0.000000" m_c="0.000000" m_d="1.000000" m_tx="-36.087803" m_ty="-86.313629"/>
  </frame>
  <frame idx="400" w="150" h="163" x="-6.895729" y="-38.826645">
   <element name="image" layername="PoopFood" frame="0" z_index="3" m_a="1.000000" m_b="0.000000" m_c="0.000000" m_d="1.000000" m_tx="0.000000" m_ty="0.000000"/>
   <element name="image" layername="Fry" frame="1" z_index="2" m_a="1.000000" m_b="0.000000" m_c="0.000000" m_d="1.000000" m_tx="47.802479" m_ty="-62.804665"/>
   <element name="image" layername="Fry" frame="1" z_index="1" m_a="-1.000000" m_b="0.000000" m_c="0.000000" m_d="1.000000" m_tx="-42.791454" m_ty="-85.253288"/>
  </frame>
  <frame idx="425" w="168" h="162" x="-4.976959" y="-38.296471">
   <element name="image" layername="PoopFood" frame="0" z_index="3" m_a="1.000000" m_b="0.000000" m_c="0.000000" m_d="1.000000" m_tx="0.000000" m_ty="0.000000"/>
   <element name="image" layername="Fry" frame="1" z_index="2" m_a="1.000000" m_b="0.000000" m_c="0.000000" m_d="1.000000" m_tx="58.541180" m_ty="-65.432533"/>
   <element name="image" layername="Fry" frame="1" z_index="1" m_a="-1.000000" m_b="0.000000" m_c="0.000000" m_d="1.000000" m_tx="-49.495102" m_ty="-84.192940"/>
  </frame>
  <frame idx="450" w="184" h="160" x="-2.959435" y="-37.766300">
   <element name="image" layername="PoopFood" frame="0" z_index="3" m_a="1.000000" m_b="0.000000" m_c="0.000000" m_d="1.000000" m_tx="0.000000" m_ty="0.000000"/>
   <element name="image" layername="Fry" frame="1" z_index="2" m_a="1.000000" m_b="0.000000" m_c="0.000000" m_d="1.000000" m_tx="69.279884" m_ty="-68.060402"/>
   <element name="image" layername="Fry" frame="1" z_index="1" m_a="-1.000000" m_b="0.000000" m_c="0.000000" m_d="1.000000" m_tx="-56.198753" m_ty="-83.132599"/>
  </frame>
  <frame idx="475" w="201" h="158" x="-0.941910" y="-37.236126">
   <element name="image" layername="PoopFood" frame="0" z_index="3" m_a="1.000000" m_b="0.000000" m_c="0.000000" m_d="1.000000" m_tx="0.000000" m_ty="0.000000"/>
   <element name="image" layername="Fry" frame="1" z_index="2" m_a="1.000000" m_b="0.000000" m_c="0.000000" m_d="1.000000" m_tx="80.018578" m_ty="-70.688271"/>
   <element name="image" layername="Fry" frame="1" z_index="1" m_a="-1.000000" m_b="0.000000" m_c="0.000000" m_d="1.000000" m_tx="-62.902405" m_ty="-82.072250"/>
  </frame>
  <frame idx="500" w="173" h="157" x="14.564697" y="-36.770641">
   <element name="image" layername="PoopFood" frame="0" z_index="3" m_a="1.000000" m_b="0.000000" m_c="0.000000" m_d="1.000000" m_tx="0.000000" m_ty="0.000000"/>
   <element name="image" layername="Fry" frame="1" z_index="2" m_a="1.000000" m_b="0.000000" m_c="0.000000" m_d="1.000000" m_tx="90.757278" m_ty="-73.316139"/>
   <element name="image" layername="Fry" frame="1" z_index="1" m_a="1.000000" m_b="0.000000" m_c="0.000000" m_d="1.000000" m_tx="-61.627884" m_ty="-81.141281"/>
  </frame>
  <frame idx="525" w="150" h="156" x="6.425987" y="-36.348286">
   <element name="image" layername="PoopFood" frame="0" z_index="3" m_a="1.000000" m_b="0.000000" m_c="0.000000" m_d="1.000000" m_tx="0.000000" m_ty="0.000000"/>
   <element name="image" layername="Fry" frame="1" z_index="2" m_a="-1.000000" m_b="0.000000" m_c="0.000000" m_d="1.000000" m_tx="86.886566" m_ty="-76.605919"/>
   <element name="image" layername="Fry" frame="1" z_index="1" m_a="1.000000" m_b="0.000000" m_c="0.000000" m_d="1.000000" m_tx="-55.034584" m_ty="-80.296570"/>
  </frame>
  <frame idx="550" w="134" h="156" x="4.271252" y="-36.408802">
   <element name="image" layername="PoopFood" frame="0" z_index="3" m_a="1.000000" m_b="0.000000" m_c="0.000000" m_d="1.000000" m_tx="0.000000" m_ty="0.000000"/>
   <element name="image" layername="Fry" frame="1" z_index="2" m_a="-1.000000" m_b="0.000000" m_c="0.000000" m_d="1.000000" m_tx="75.983788" m_ty="-80.417603"/>
   <element name="image" layername="Fry" frame="1" z_index="1" m_a="1.000000" m_b="0.000000" m_c="0.000000" m_d="1.000000" m_tx="-48.441288" m_ty="-79.451851"/>
  </frame>
  <frame idx="575" w="127" h="162" x="0.000000" y="-38.314648">
   <element name="image" layername="PoopFood" frame="0" z_index="3" m_a="1.000000" m_b="0.000000" m_c="0.000000" m_d="1.000000" m_tx="0.000000" m_ty="0.000000"/>
   <element name="image" layername="Fry" frame="1" z_index="2" m_a="-1.000000" m_b="0.000000" m_c="0.000000" m_d="1.000000" m_tx="65.081009" m_ty="-84.229294"/>
   <element name="image" layername="Fry" frame="1" z_index="1" m_a="1.000000" m_b="0.000000" m_c="0.000000" m_d="1.000000" m_tx="-41.847992" m_ty="-78.607132"/>
  </frame>
  <frame idx="600" w="127" h="168" x="0.000000" y="-40.220490">
   <element name="image" layername="PoopFood" frame="0" z_index="3" m_a="1.000000" m_b="0.000000" m_c="0.000000" m_d="1.000000" m_tx="0.000000" m_ty="0.000000"/>
   <element name="image" layername="Fry" frame="1" z_index="2" m_a="-1.000000" m_b="0.000000" m_c="0.000000" m_d="1.000000" m_tx="54.178223" m_ty="-88.040977"/>
   <element name="image" layername="Fry" frame="1" z_index="1" m_a="1.000000" m_b="0.000000" m_c="0.000000" m_d="1.000000" m_tx="-35.254692" m_ty="-77.762413"/>
  </frame>
  <frame idx="625" w="127" h="174" x="0.000000" y="-42.126331">
   <element name="image" layername="PoopFood" frame="0" z_index="3" m_a="1.000000" m_b="0.000000" m_c="0.000000" m_d="1.000000" m_tx="0.000000" m_ty="0.000000"/>
   <element name="image" layername="Fry" frame="1" z_index="2" m_a="-1.000000" m_b="0.000000" m_c="0.000000" m_d="1.000000" m_tx="43.275444" m_ty="-91.852661"/>
   <element name="image" layername="Fry" frame="1" z_index="1" m_a="1.000000" m_b="0.000000" m_c="0.000000" m_d="1.000000" m_tx="-28.661396" m_ty="-76.917694"/>
  </frame>
  <frame idx="650" w="127" h="181" x="0.000000" y="-44.032173">
   <element name="image" layername="PoopFood" frame="0" z_index="3" m_a="1.000000" m_b="0.000000" m_c="0.000000" m_d="1.000000" m_tx="0.000000" m_ty="0.000000"/>
   <element name="image" layername="Fry" frame="1" z_index="2" m_a="-1.000000" m_b="0.000000" m_c="0.000000" m_d="1.000000" m_tx="32.372658" m_ty="-95.664345"/>
   <element name="image" layername="Fry" frame="1" z_index="1" m_a="1.000000" m_b="0.000000" m_c="0.000000" m_d="1.000000" m_tx="-22.068100" m_ty="-76.072975"/>
  </frame>
  <frame idx="675" w="127" h="186" x="0.000000" y="-45.834190">
   <element name="image" layername="PoopFood" frame="0" z_index="3" m_a="1.000000" m_b="0.000000" m_c="0.000000" m_d="1.000000" m_tx="0.000000" m_ty="0.000000"/>
   <element name="image" layername="Fry" frame="1" z_index="2" m_a="-1.000000" m_b="0.000000" m_c="0.000000" m_d="1.000000" m_tx="21.511412" m_ty="-99.268379"/>
   <element name="image" layername="Fry" frame="1" z_index="1" m_a="1.000000" m_b="0.000000" m_c="0.000000" m_d="1.000000" m_tx="-15.474800" m_ty="-75.228256"/>
  </frame>
  <frame idx="700" w="127" h="184" x="0.000000" y="-45.144421">
   <element name="image" layername="PoopFood" frame="0" z_index="3" m_a="1.000000" m_b="0.000000" m_c="0.000000" m_d="1.000000" m_tx="0.000000" m_ty="0.000000"/>
   <element name="image" layername="Fry" frame="1" z_index="2" m_a="-1.000000" m_b="0.000000" m_c="0.000000" m_d="1.000000" m_tx="11.646874" m_ty="-97.888840"/>
   <element name="image" layername="Fry" frame="1" z_index="1" m_a="1.000000" m_b="0.000000" m_c="0.000000" m_d="1.000000" m_tx="-8.881504" m_ty="-74.383545"/>
  </frame>
  <frame idx="725" w="127" h="182" x="0.000000" y="-44.454651">
   <element name="image" layername="PoopFood" frame="0" z_index="3" m_a="1.000000" m_b="0.000000" m_c="0.000000" m_d="1.000000" m_tx="0.000000" m_ty="0.000000"/>
   <element name="image" layername="Fry" frame="1" z_index="2" m_a="-1.000000" m_b="0.000000" m_c="0.000000" m_d="1.000000" m_tx="1.782337" m_ty="-96.509300"/>
   <element name="image" layername="Fry" frame="1" z_index="1" m_a="1.000000" m_b="0.000000" m_c="0.000000" m_d="1.000000" m_tx="-2.288204" m_ty="-73.538826"/>
  </frame>
  <frame idx="750" w="127" h="180" x="0.000000" y="-43.764881">
   <element name="image" layername="PoopFood" frame="0" z_index="3" m_a="1.000000" m_b="0.000000" m_c="0.000000" m_d="1.000000" m_tx="0.000000" m_ty="0.000000"/>
   <element name="image" layername="Fry" frame="1" z_index="2" m_a="-1.000000" m_b="0.000000" m_c="0.000000" m_d="1.000000" m_tx="-8.082199" m_ty="-95.129761"/>
   <element name="image" layername="Fry" frame="1" z_index="1" m_a="1.000000" m_b="0.000000" m_c="0.000000" m_d="1.000000" m_tx="4.305092" m_ty="-72.694107"/>
  </frame>
  <frame idx="775" w="127" h="178" x="0.000000" y="-43.075111">
   <element name="image" layername="PoopFood" frame="0" z_index="3" m_a="1.000000" m_b="0.000000" m_c="0.000000" m_d="1.000000" m_tx="0.000000" m_ty="0.000000"/>
   <element name="image" layername="Fry" frame="1" z_index="2" m_a="-1.000000" m_b="0.000000" m_c="0.000000" m_d="1.000000" m_tx="-17.946737" m_ty="-93.750221"/>
   <element name="image" layername="Fry" frame="1" z_index="1" m_a="1.000000" m_b="0.000000" m_c="0.000000" m_d="1.000000" m_tx="10.898392" m_ty="-71.849388"/>
  </frame>
  <frame idx="800" w="127" h="175" x="0.000000" y="-42.385342">
   <element name="image" layername="PoopFood" frame="0" z_index="3" m_a="1.000000" m_b="0.000000" m_c="0.000000" m_d="1.000000" m_tx="0.000000" m_ty="0.000000"/>
   <element name="image" layername="Fry" frame="1" z_index="2" m_a="-1.000000" m_b="0.000000" m_c="0.000000" m_d="1.000000" m_tx="-27.811274" m_ty="-92.370682"/>
   <element name="image" layername="Fry" frame="1" z_index="1" m_a="1.000000" m_b="0.000000" m_c="0.000000" m_d="1.000000" m_tx="17.491684" m_ty="-71.004669"/>
  </frame>
  <frame idx="825" w="142" h="173" x="-4.337906" y="-41.695572">
   <element name="image" layername="PoopFood" frame="0" z_index="3" m_a="1.000000" m_b="0.000000" m_c="0.000000" m_d="1.000000" m_tx="0.000000" m_ty="0.000000"/>
   <element name="image" layername="Fry" frame="1" z_index="2" m_a="-1.000000" m_b="0.000000" m_c="0.000000" m_d="1.000000" m_tx="-37.675812" m_ty="-90.991142"/>
   <element name="image" layername="Fry" frame="1" z_index="1" m_a="1.000000" m_b="0.000000" m_c="0.000000" m_d="1.000000" m_tx="24.084984" m_ty="-70.159950"/>
  </frame>
  <frame idx="850" w="151" h="170" x="-7.186378" y="-40.868607">
   <element name="image" layername="PoopFood" frame="0" z_index="3" m_a="1.000000" m_b="0.000000" m_c="0.000000" m_d="1.000000" m_tx="0.000000" m_ty="0.000000"/>
   <element name="image" layername="Fry" frame="1" z_index="2" m_a="-1.000000" m_b="0.000000" m_c="0.000000" m_d="1.000000" m_tx="-43.372761" m_ty="-89.337212"/>
   <element name="image" layername="Fry" frame="1" z_index="1" m_a="1.000000" m_b="0.000000" m_c="0.000000" m_d="1.000000" m_tx="30.678284" m_ty="-69.315231"/>
  </frame>
  <frame idx="875" w="158" h="168" x="-9.224495" y="-39.988285">
   <element name="image" layername="PoopFood" frame="0" z_index="3" m_a="1.000000" m_b="0.000000" m_c="0.000000" m_d="1.000000" m_tx="0.000000" m_ty="0.000000"/>
   <element name="image" layername="Fry" frame="1" z_index="2" m_a="-1.000000" m_b="0.000000" m_c="0.000000" m_d="1.000000" m_tx="-47.448986" m_ty="-87.576569"/>
   <element name="image" layername="Fry" frame="1" z_index="1" m_a="1.000000" m_b="0.000000" m_c="0.000000" m_d="1.000000" m_tx="37.271584" m_ty="-68.470512"/>
  </frame>
  <frame idx="900" w="164" h="164" x="-11.262604" y="-39.107960">
   <element name="image" layername="PoopFood" frame="0" z_index="3" m_a="1.000000" m_b="0.000000" m_c="0.000000" m_d="1.000000" m_tx="0.000000" m_ty="0.000000"/>
   <element name="image" layername="Fry" frame="1" z_index="2" m_a="-1.000000" m_b="0.000000" m_c="0.000000" m_d="1.000000" m_tx="-51.525208" m_ty="-85.815918"/>
   <element name="image" layername="Fry" frame="1" z_index="1" m_a="1.000000" m_b="0.000000" m_c="0.000000" m_d="1.000000" m_tx="43.864876" m_ty="-67.625793"/>
  </frame>
  <frame idx="925" w="173" h="161" x="-12.071632" y="-38.227638">
   <element name="image" layername="PoopFood" frame="0" z_index="3" m_a="1.000000" m_b="0.000000" m_c="0.000000" m_d="1.000000" m_tx="0.000000" m_ty="0.000000"/>
   <element name="image" layername="Fry" frame="1" z_index="2" m_a="-1.000000" m_b="0.000000" m_c="0.000000" m_d="1.000000" m_tx="-55.601433" m_ty="-84.055275"/>
   <element name="image" layername="Fry" frame="1" z_index="1" m_a="1.000000" m_b="0.000000" m_c="0.000000" m_d="1.000000" m_tx="50.458176" m_ty="-66.781082"/>
  </frame>
  <frame idx="950" w="183" h="159" x="-10.813095" y="-37.347317">
   <element name="image" layername="PoopFood" frame="0" z_index="3" m_a="1.000000" m_b="0.000000" m_c="0.000000" m_d="1.000000" m_tx="0.000000" m_ty="0.000000"/>
   <element name="image" layername="Fry" frame="1" z_index="2" m_a="-1.000000" m_b="0.000000" m_c="0.000000" m_d="1.000000" m_tx="-59.677658" m_ty="-82.294632"/>
   <element name="image" layername="Fry" frame="1" z_index="1" m_a="1.000000" m_b="0.000000" m_c="0.000000" m_d="1.000000" m_tx="57.051476" m_ty="-65.936363"/>
  </frame>
  <frame idx="975" w="193" h="156" x="-9.554558" y="-36.466995">
   <element name="image" layername="PoopFood" frame="0" z_index="3" m_a="1.000000" m_b="0.000000" m_c="0.000000" m_d="1.000000" m_tx="0.000000" m_ty="0.000000"/>
   <element name="image" layername="Fry" frame="1" z_index="2" m_a="-1.000000" m_b="0.000000" m_c="0.000000" m_d="1.000000" m_tx="-63.753883" m_ty="-80.533989"/>
   <element name="image" layername="Fry" frame="1" z_index="1" m_a="1.000000" m_b="0.000000" m_c="0.000000" m_d="1.000000" m_tx="63.644775" m_ty="-65.091644"/>
  </frame>
 </anim>
</Anims>
