<Anims>
 <anim name="BUILD" root="lambdoll" numframes="1000" framerate="40">
  <frame idx="0" w="149" h="172" x="9.099754" y="-0.666992">
   <element name="swap_lambdoll" layername="LambDoll" frame="0" z_index="1" m_a="0.882061" m_b="0.471135" m_c="-0.471135" m_d="0.882061" m_tx="5.328090" m_ty="-1.442867"/>
  </frame>
  <frame idx="25" w="149" h="172" x="9.099754" y="-0.666992">
   <element name="swap_lambdoll" layername="LambDoll" frame="0" z_index="1" m_a="0.882061" m_b="0.471135" m_c="-0.471135" m_d="0.882061" m_tx="5.328090" m_ty="-1.442867"/>
  </frame>
  <frame idx="50" w="149" h="172" x="9.099754" y="-0.666992">
   <element name="swap_lambdoll" layername="LambDoll" frame="0" z_index="1" m_a="0.882061" m_b="0.471135" m_c="-0.471135" m_d="0.882061" m_tx="5.328090" m_ty="-1.442867"/>
  </frame>
  <frame idx="75" w="149" h="172" x="9.099754" y="-0.666992">
   <element name="swap_lambdoll" layername="LambDoll" frame="0" z_index="1" m_a="0.882061" m_b="0.471135" m_c="-0.471135" m_d="0.882061" m_tx="5.328090" m_ty="-1.442867"/>
  </frame>
  <frame idx="100" w="149" h="172" x="9.099754" y="-0.666992">
   <element name="swap_lambdoll" layername="LambDoll" frame="0" z_index="1" m_a="0.882061" m_b="0.471135" m_c="-0.471135" m_d="0.882061" m_tx="5.328090" m_ty="-1.442867"/>
  </frame>
  <frame idx="125" w="149" h="172" x="9.099754" y="-0.666992">
   <element name="swap_lambdoll" layername="LambDoll" frame="0" z_index="1" m_a="0.882061" m_b="0.471135" m_c="-0.471135" m_d="0.882061" m_tx="5.328090" m_ty="-1.442867"/>
  </frame>
  <frame idx="150" w="149" h="172" x="9.099754" y="-0.666992">
   <element name="swap_lambdoll" layername="LambDoll" frame="0" z_index="1" m_a="0.882061" m_b="0.471135" m_c="-0.471135" m_d="0.882061" m_tx="5.328090" m_ty="-1.442867"/>
  </frame>
  <frame idx="175" w="149" h="172" x="9.099754" y="-0.666992">
   <element name="swap_lambdoll" layername="LambDoll" frame="0" z_index="1" m_a="0.882061" m_b="0.471135" m_c="-0.471135" m_d="0.882061" m_tx="5.328090" m_ty="-1.442867"/>
  </frame>
  <frame idx="200" w="149" h="172" x="9.099754" y="-0.666992">
   <element name="swap_lambdoll" layername="LambDoll" frame="0" z_index="1" m_a="0.882061" m_b="0.471135" m_c="-0.471135" m_d="0.882061" m_tx="5.328090" m_ty="-1.442867"/>
  </frame>
  <frame idx="225" w="149" h="172" x="9.099754" y="-0.666992">
   <element name="swap_lambdoll" layername="LambDoll" frame="0" z_index="1" m_a="0.882061" m_b="0.471135" m_c="-0.471135" m_d="0.882061" m_tx="5.328090" m_ty="-1.442867"/>
  </frame>
  <frame idx="250" w="149" h="172" x="9.099754" y="-0.666992">
   <element name="swap_lambdoll" layername="LambDoll" frame="0" z_index="1" m_a="0.882061" m_b="0.471135" m_c="-0.471135" m_d="0.882061" m_tx="5.328090" m_ty="-1.442867"/>
  </frame>
  <frame idx="275" w="149" h="172" x="9.099754" y="-0.666992">
   <element name="swap_lambdoll" layername="LambDoll" frame="0" z_index="1" m_a="0.882061" m_b="0.471135" m_c="-0.471135" m_d="0.882061" m_tx="5.328090" m_ty="-1.442867"/>
  </frame>
  <frame idx="300" w="149" h="172" x="9.099754" y="-0.666992">
   <element name="swap_lambdoll" layername="LambDoll" frame="0" z_index="1" m_a="0.882061" m_b="0.471135" m_c="-0.471135" m_d="0.882061" m_tx="5.328090" m_ty="-1.442867"/>
  </frame>
  <frame idx="325" w="149" h="172" x="9.099754" y="-0.666992">
   <element name="swap_lambdoll" layername="LambDoll" frame="0" z_index="1" m_a="0.882061" m_b="0.471135" m_c="-0.471135" m_d="0.882061" m_tx="5.328090" m_ty="-1.442867"/>
  </frame>
  <frame idx="350" w="149" h="172" x="9.099754" y="-0.666992">
   <element name="swap_lambdoll" layername="LambDoll" frame="0" z_index="1" m_a="0.882061" m_b="0.471135" m_c="-0.471135" m_d="0.882061" m_tx="5.328090" m_ty="-1.442867"/>
  </frame>
  <frame idx="375" w="149" h="172" x="9.099754" y="-0.666992">
   <element name="swap_lambdoll" layername="LambDoll" frame="0" z_index="1" m_a="0.882061" m_b="0.471135" m_c="-0.471135" m_d="0.882061" m_tx="5.328090" m_ty="-1.442867"/>
  </frame>
  <frame idx="400" w="149" h="172" x="9.099754" y="-0.666992">
   <element name="swap_lambdoll" layername="LambDoll" frame="0" z_index="1" m_a="0.882061" m_b="0.471135" m_c="-0.471135" m_d="0.882061" m_tx="5.328090" m_ty="-1.442867"/>
  </frame>
  <frame idx="425" w="149" h="172" x="9.099754" y="-0.666992">
   <element name="swap_lambdoll" layername="LambDoll" frame="0" z_index="1" m_a="0.882061" m_b="0.471135" m_c="-0.471135" m_d="0.882061" m_tx="5.328090" m_ty="-1.442867"/>
  </frame>
  <frame idx="450" w="149" h="172" x="9.099754" y="-0.666992">
   <element name="swap_lambdoll" layername="LambDoll" frame="0" z_index="1" m_a="0.882061" m_b="0.471135" m_c="-0.471135" m_d="0.882061" m_tx="5.328090" m_ty="-1.442867"/>
  </frame>
  <frame idx="475" w="149" h="172" x="9.099754" y="-0.666992">
   <element name="swap_lambdoll" layername="LambDoll" frame="0" z_index="1" m_a="0.882061" m_b="0.471135" m_c="-0.471135" m_d="0.882061" m_tx="5.328090" m_ty="-1.442867"/>
  </frame>
  <frame idx="500" w="149" h="172" x="9.099754" y="-0.666992">
   <element name="swap_lambdoll" layername="LambDoll" frame="0" z_index="1" m_a="0.882061" m_b="0.471135" m_c="-0.471135" m_d="0.882061" m_tx="5.328090" m_ty="-1.442867"/>
  </frame>
  <frame idx="525" w="149" h="172" x="9.099754" y="-0.666992">
   <element name="swap_lambdoll" layername="LambDoll" frame="0" z_index="1" m_a="0.882061" m_b="0.471135" m_c="-0.471135" m_d="0.882061" m_tx="5.328090" m_ty="-1.442867"/>
  </frame>
  <frame idx="550" w="149" h="172" x="9.099754" y="-0.666992">
   <element name="swap_lambdoll" layername="LambDoll" frame="0" z_index="1" m_a="0.882061" m_b="0.471135" m_c="-0.471135" m_d="0.882061" m_tx="5.328090" m_ty="-1.442867"/>
  </frame>
  <frame idx="575" w="149" h="172" x="9.099754" y="-0.666992">
   <element name="swap_lambdoll" layername="LambDoll" frame="0" z_index="1" m_a="0.882061" m_b="0.471135" m_c="-0.471135" m_d="0.882061" m_tx="5.328090" m_ty="-1.442867"/>
  </frame>
  <frame idx="600" w="149" h="172" x="9.099754" y="-0.666992">
   <element name="swap_lambdoll" layername="LambDoll" frame="0" z_index="1" m_a="0.882061" m_b="0.471135" m_c="-0.471135" m_d="0.882061" m_tx="5.328090" m_ty="-1.442867"/>
  </frame>
  <frame idx="625" w="149" h="172" x="9.099754" y="-0.666992">
   <element name="swap_lambdoll" layername="LambDoll" frame="0" z_index="1" m_a="0.882061" m_b="0.471135" m_c="-0.471135" m_d="0.882061" m_tx="5.328090" m_ty="-1.442867"/>
  </frame>
  <frame idx="650" w="149" h="172" x="9.099754" y="-0.666992">
   <element name="swap_lambdoll" layername="LambDoll" frame="0" z_index="1" m_a="0.882061" m_b="0.471135" m_c="-0.471135" m_d="0.882061" m_tx="5.328090" m_ty="-1.442867"/>
  </frame>
  <frame idx="675" w="149" h="172" x="9.099754" y="-0.666992">
   <element name="swap_lambdoll" layername="LambDoll" frame="0" z_index="1" m_a="0.882061" m_b="0.471135" m_c="-0.471135" m_d="0.882061" m_tx="5.328090" m_ty="-1.442867"/>
  </frame>
  <frame idx="700" w="149" h="172" x="9.099754" y="-0.666992">
   <element name="swap_lambdoll" layername="LambDoll" frame="0" z_index="1" m_a="0.882061" m_b="0.471135" m_c="-0.471135" m_d="0.882061" m_tx="5.328090" m_ty="-1.442867"/>
  </frame>
  <frame idx="725" w="149" h="172" x="9.099754" y="-0.666992">
   <element name="swap_lambdoll" layername="LambDoll" frame="0" z_index="1" m_a="0.882061" m_b="0.471135" m_c="-0.471135" m_d="0.882061" m_tx="5.328090" m_ty="-1.442867"/>
  </frame>
  <frame idx="750" w="149" h="172" x="9.099754" y="-0.666992">
   <element name="swap_lambdoll" layername="LambDoll" frame="0" z_index="1" m_a="0.882061" m_b="0.471135" m_c="-0.471135" m_d="0.882061" m_tx="5.328090" m_ty="-1.442867"/>
  </frame>
  <frame idx="775" w="149" h="172" x="9.099754" y="-0.666992">
   <element name="swap_lambdoll" layername="LambDoll" frame="0" z_index="1" m_a="0.882061" m_b="0.471135" m_c="-0.471135" m_d="0.882061" m_tx="5.328090" m_ty="-1.442867"/>
  </frame>
  <frame idx="800" w="149" h="172" x="9.099754" y="-0.666992">
   <element name="swap_lambdoll" layername="LambDoll" frame="0" z_index="1" m_a="0.882061" m_b="0.471135" m_c="-0.471135" m_d="0.882061" m_tx="5.328090" m_ty="-1.442867"/>
  </frame>
  <frame idx="825" w="149" h="172" x="9.099754" y="-0.666992">
   <element name="swap_lambdoll" layername="LambDoll" frame="0" z_index="1" m_a="0.882061" m_b="0.471135" m_c="-0.471135" m_d="0.882061" m_tx="5.328090" m_ty="-1.442867"/>
  </frame>
  <frame idx="850" w="149" h="172" x="9.099754" y="-0.666992">
   <element name="swap_lambdoll" layername="LambDoll" frame="0" z_index="1" m_a="0.882061" m_b="0.471135" m_c="-0.471135" m_d="0.882061" m_tx="5.328090" m_ty="-1.442867"/>
  </frame>
  <frame idx="875" w="149" h="172" x="9.099754" y="-0.666992">
   <element name="swap_lambdoll" layername="LambDoll" frame="0" z_index="1" m_a="0.882061" m_b="0.471135" m_c="-0.471135" m_d="0.882061" m_tx="5.328090" m_ty="-1.442867"/>
  </frame>
  <frame idx="900" w="149" h="172" x="9.099754" y="-0.666992">
   <element name="swap_lambdoll" layername="LambDoll" frame="0" z_index="1" m_a="0.882061" m_b="0.471135" m_c="-0.471135" m_d="0.882061" m_tx="5.328090" m_ty="-1.442867"/>
  </frame>
  <frame idx="925" w="149" h="172" x="9.099754" y="-0.666992">
   <element name="swap_lambdoll" layername="LambDoll" frame="0" z_index="1" m_a="0.882061" m_b="0.471135" m_c="-0.471135" m_d="0.882061" m_tx="5.328090" m_ty="-1.442867"/>
  </frame>
  <frame idx="950" w="149" h="172" x="9.099754" y="-0.666992">
   <element name="swap_lambdoll" layername="LambDoll" frame="0" z_index="1" m_a="0.882061" m_b="0.471135" m_c="-0.471135" m_d="0.882061" m_tx="5.328090" m_ty="-1.442867"/>
  </frame>
  <frame idx="975" w="149" h="172" x="9.099754" y="-0.666992">
   <element name="swap_lambdoll" layername="LambDoll" frame="0" z_index="1" m_a="0.882061" m_b="0.471135" m_c="-0.471135" m_d="0.882061" m_tx="5.328090" m_ty="-1.442867"/>
  </frame>
 </anim>
</Anims>
