<Anims>
 <anim name="idle" root="bugnet" numframes="125" framerate="40">
  <frame idx="0" w="134" h="392" x="3.936504" y="-95.267120">
   <element name="swap_bugnet" layername="swap_bugnet" frame="9" z_index="1" m_a="1.000000" m_b="0.000000" m_c="0.000000" m_d="1.000000" m_tx="0.000000" m_ty="0.000000"/>
  </frame>
  <frame idx="25" w="-597" h="-36" x="667.682068" y="293.924194">
   <element name="swap_bugnet" layername="swap_bugnet" frame="9" z_index="1" m_a="1.000000" m_b="0.000000" m_c="0.000000" m_d="1.000000" m_tx="663.745544" m_ty="389.191315"/>
  </frame>
  <frame idx="50" w="-668" h="-338" x="866.886353" y="487.874512">
   <element name="swap_bugnet" layername="swap_bugnet" frame="6" z_index="1" m_a="1.000000" m_b="0.000000" m_c="0.000000" m_d="1.000000" m_tx="950.240234" m_ty="536.827637"/>
  </frame>
  <frame idx="75" w="-668" h="-338" x="866.886353" y="487.874512">
   <element name="swap_bugnet" layername="swap_bugnet" frame="6" z_index="1" m_a="1.000000" m_b="0.000000" m_c="0.000000" m_d="1.000000" m_tx="950.240234" m_ty="536.827637"/>
  </frame>
  <frame idx="100" w="-668" h="-338" x="866.886353" y="487.874512">
   <element name="swap_bugnet" layername="swap_bugnet" frame="6" z_index="1" m_a="1.000000" m_b="0.000000" m_c="0.000000" m_d="1.000000" m_tx="950.240234" m_ty="536.827637"/>
  </frame>
 </anim>
</Anims>
